Product_ID,Annual_Units_Sold,Average_Unit_Price_INR,Annual_Revenue_Lakh_INR,Gross_Margin_Percent,Return_Rate_Percent,Stockout_Days_Per_Year,Supplier_Lead_Time_Days,Average_Customer_Rating
PRD-0660,866,1397.0,12.1,25.7,19.3,6,16,3.46
PRD-0061,1839,432.0,7.94,15.5,5.4,1,10,4.35
PRD-0769,3335,914.0,30.49,33.4,3.7,9,33,4.01
PRD-0136,2812,490.0,13.77,16.1,1.0,4,8,4.31
PRD-0764,3537,805.0,28.47,31.4,6.1,13,28,3.86
PRD-0603,924,1699.0,15.7,24.1,19.8,7,11,3.08
PRD-0372,157,7772.0,12.2,35.0,7.1,0,27,4.17
PRD-0012,1714,438.0,7.51,16.4,3.0,4,13,4.35
PRD-0888,3058,895.0,27.36,30.6,6.2,12,36,3.91
PRD-0618,598,963.0,5.76,30.0,16.2,8,15,3.02
PRD-0507,800,1380.0,11.04,25.4,15.1,3,19,3.22
PRD-0538,1024,1303.0,13.34,26.0,17.4,6,11,3.29
PRD-0723,727,1084.0,7.88,24.1,15.3,4,15,3.24
PRD-0467,154,6891.0,10.61,38.6,7.6,2,24,4.02
PRD-0423,207,5727.0,11.85,37.8,6.7,0,22,4.23
PRD-0087,1801,316.0,5.7,15.2,6.3,4,11,4.39
PRD-0617,543,815.0,4.42,24.4,17.7,10,15,3.42
PRD-0573,889,1276.0,11.35,25.3,17.9,13,14,3.22
PRD-0011,1935,554.0,10.72,15.4,2.9,3,10,4.51
PRD-0616,703,968.0,6.81,21.8,18.9,7,17,3.11
PRD-0928,2407,853.0,20.53,35.8,2.7,14,28,4.09
PRD-0392,142,5589.0,7.94,33.5,7.2,3,24,4.08
PRD-0086,1974,433.0,8.55,14.9,4.2,2,9,4.6
PRD-0433,137,5699.0,7.81,35.1,10.0,0,26,4.25
PRD-0974,3126,541.0,16.92,29.5,8.1,13,29,3.99
PRD-0642,483,1036.0,5.0,19.5,17.4,6,12,3.49
PRD-0046,1597,404.0,6.46,16.7,2.3,7,8,4.37
PRD-0654,739,1294.0,9.57,21.2,18.0,7,15,3.28
PRD-0156,1614,449.0,7.25,15.6,5.4,5,5,4.46
PRD-0247,1981,572.0,11.32,19.3,4.5,2,7,4.29
PRD-0578,857,1056.0,9.05,20.3,16.6,9,16,3.36
PRD-0050,1813,340.0,6.16,16.7,3.4,1,12,4.52
PRD-0849,3800,999.0,37.95,30.9,1.9,11,31,4.2
PRD-0085,1499,663.0,9.94,16.9,1.8,2,11,4.33
PRD-0449,215,5521.0,11.87,42.2,9.5,1,23,4.05
PRD-0935,2954,761.0,22.49,26.4,5.0,10,26,3.76
PRD-0897,4258,784.0,33.36,35.0,6.6,12,34,3.89
PRD-0610,875,2019.0,17.67,19.8,18.6,11,14,3.0
PRD-0390,165,6052.0,9.99,35.9,9.7,1,26,4.77
PRD-0628,763,1204.0,9.19,23.1,15.8,9,18,3.28
PRD-0082,1170,583.0,6.82,15.4,4.6,1,7,4.71
PRD-0300,168,8366.0,14.06,37.1,5.0,0,20,4.21
PRD-0633,625,1318.0,8.24,21.3,17.6,8,16,3.62
PRD-0186,1685,561.0,9.45,21.3,5.3,2,7,4.19
PRD-0590,898,1545.0,13.87,19.8,15.5,6,16,3.17
PRD-0091,1310,497.0,6.5,19.7,4.9,3,9,4.33
PRD-0515,769,1112.0,8.55,24.6,20.2,9,12,3.2
PRD-0840,3228,924.0,29.82,32.9,5.4,10,29,4.01
PRD-0466,135,10190.0,13.76,41.4,7.0,2,25,4.3
PRD-0366,170,5914.0,10.05,34.9,7.0,2,23,4.2
PRD-0857,3100,950.0,29.44,36.0,7.0,12,33,4.25
PRD-0981,2334,836.0,19.51,36.2,5.5,6,29,4.06
PRD-0982,3174,881.0,27.96,33.1,0.2,13,36,4.18
PRD-0427,153,7080.0,10.83,38.7,7.2,1,28,4.14
PRD-0997,2021,1254.0,25.35,31.9,6.2,11,34,4.21
PRD-0135,945,396.0,3.75,19.9,1.6,5,6,4.12
PRD-0025,1338,693.0,9.28,13.6,2.3,3,6,4.42
PRD-0329,150,6346.0,9.52,41.2,8.9,2,24,4.35
PRD-0808,2768,891.0,24.67,27.5,5.1,18,27,3.94
PRD-0073,2417,549.0,13.27,19.6,5.5,2,11,4.54
PRD-0332,187,5850.0,10.94,38.7,9.1,1,25,4.09
PRD-0983,4556,945.0,43.04,31.0,7.0,11,30,4.03
PRD-0533,664,1282.0,8.51,23.1,17.1,8,13,3.29
PRD-0068,1649,557.0,9.18,21.4,4.9,3,10,4.29
PRD-0619,499,1335.0,6.66,21.7,18.7,8,14,3.13
PRD-0697,631,1522.0,9.6,27.7,15.4,10,15,3.21
PRD-0659,895,1301.0,11.64,17.2,17.9,10,13,3.09
PRD-0741,591,899.0,5.31,20.4,15.0,7,13,2.92
PRD-0949,3659,946.0,34.6,28.2,4.5,6,33,3.68
PRD-0452,143,7475.0,10.69,36.2,9.0,0,21,4.1
PRD-0559,1141,986.0,11.25,17.8,16.1,5,12,3.47
PRD-0542,656,856.0,5.61,21.7,19.6,4,12,3.22
PRD-0137,1713,459.0,7.86,18.2,6.4,5,3,3.97
PRD-0393,132,10111.0,13.35,45.0,11.8,0,25,4.31
PRD-0666,595,1104.0,6.57,21.5,15.9,6,20,3.02
PRD-0330,157,7549.0,11.85,37.0,8.4,0,20,3.87
PRD-0496,117,7274.0,8.51,40.8,9.2,0,27,4.21
PRD-0588,519,1130.0,5.87,24.0,18.8,10,18,3.01
PRD-0702,1131,1073.0,12.13,21.4,15.4,5,12,3.19
PRD-0344,155,6431.0,9.97,33.0,6.3,4,18,4.13
PRD-0026,1637,413.0,6.77,14.9,0.2,6,11,4.44
PRD-0333,150,4858.0,7.29,42.8,5.5,0,29,4.24
PRD-0038,1873,358.0,6.7,19.7,3.7,4,14,4.58
PRD-0582,912,1074.0,9.79,24.8,17.2,9,13,3.48
PRD-0904,3448,757.0,26.1,34.6,5.1,15,29,4.49
PRD-0278,169,5979.0,10.1,42.2,8.5,0,20,4.14
PRD-0120,2470,531.0,13.12,21.3,1.1,1,8,4.08
PRD-0013,1816,416.0,7.56,21.2,2.3,5,7,4.57
PRD-0413,189,7332.0,13.86,41.0,6.5,1,19,4.26
PRD-0285,167,6162.0,10.29,41.6,9.3,0,28,4.26
PRD-0160,1958,294.0,5.76,19.5,0.3,1,9,4.22
PRD-0797,4395,965.0,42.4,26.2,6.4,11,35,3.85
PRD-0043,1509,649.0,9.8,15.4,1.2,3,6,4.01
PRD-0569,707,1211.0,8.56,20.8,14.7,9,11,3.34
PRD-0041,1454,372.0,5.41,14.3,2.1,2,4,4.65
PRD-0921,2816,1029.0,28.97,39.4,5.1,12,33,4.18
PRD-0127,2067,438.0,9.05,19.5,1.6,4,4,4.36
PRD-0271,191,5968.0,11.4,45.9,9.3,0,23,4.24
PRD-0476,112,6858.0,7.68,39.4,7.7,1,20,4.27
PRD-0545,743,1339.0,9.95,27.1,15.1,6,13,3.12
PRD-0640,576,1330.0,7.66,21.7,17.9,7,14,2.82
PRD-0005,1872,570.0,10.67,22.2,2.7,4,3,4.2
PRD-0676,644,1277.0,8.22,24.3,16.9,11,14,3.62
PRD-0115,2097,507.0,10.63,19.5,3.4,5,6,4.56
PRD-0864,3404,642.0,21.85,31.0,3.5,15,27,3.86
PRD-0357,170,7743.0,13.16,37.3,9.8,0,25,3.79
PRD-0662,675,1130.0,7.63,20.5,19.6,9,15,3.21
PRD-0416,114,4942.0,5.63,33.7,8.2,0,25,4.15
PRD-0520,740,1471.0,10.89,27.4,18.1,6,21,3.48
PRD-0275,147,7354.0,10.81,33.5,8.0,1,26,4.32
PRD-0401,166,8586.0,14.25,35.4,7.4,5,24,4.04
PRD-0861,3467,998.0,34.62,31.2,7.7,17,29,3.84
PRD-0023,1502,439.0,6.59,20.8,0.8,2,7,4.03
PRD-0422,140,5355.0,7.5,33.4,10.5,0,24,4.14
PRD-0925,2394,1093.0,26.17,37.7,5.9,16,30,4.38
PRD-0796,2520,910.0,22.94,37.2,3.6,12,29,3.93
PRD-0899,3272,892.0,29.17,32.7,6.5,16,35,4.06
PRD-0289,158,6909.0,10.92,36.5,10.1,0,24,4.16
PRD-0731,630,1617.0,10.19,17.1,16.4,8,15,3.43
PRD-0561,1142,1622.0,18.53,21.7,16.6,6,17,2.8
PRD-0321,114,6685.0,7.62,38.1,8.7,0,20,4.12
PRD-0421,155,8621.0,13.36,39.6,10.3,0,24,4.23
PRD-0196,1552,356.0,5.52,16.9,5.2,1,4,4.36
PRD-0003,1276,329.0,4.2,19.1,2.2,5,3,4.16
PRD-0930,3115,839.0,26.14,31.5,6.5,13,32,3.81
PRD-0367,208,7270.0,15.12,35.0,10.8,0,23,4.18
PRD-0655,532,1250.0,6.65,18.1,14.9,8,11,3.15
PRD-0805,3169,1064.0,33.71,30.8,5.1,10,30,4.39
PRD-0335,138,6116.0,8.44,33.3,5.5,2,20,4.27
PRD-0319,146,6653.0,9.71,36.3,7.8,1,27,4.11
PRD-0989,2602,906.0,23.57,36.6,8.9,8,34,4.32
PRD-0955,3260,1110.0,36.2,28.7,4.0,14,31,3.87
PRD-0707,509,1261.0,6.42,22.9,17.1,5,14,3.36
PRD-0198,1685,341.0,5.74,17.2,7.0,3,9,4.48
PRD-0951,2462,985.0,24.25,34.6,4.5,14,33,4.2
PRD-0218,2497,493.0,12.31,25.4,3.7,5,6,4.41
PRD-0204,1540,445.0,6.86,18.7,1.3,3,7,4.32
PRD-0600,749,1167.0,8.74,27.0,17.0,10,9,3.39
PRD-0195,2183,557.0,12.17,19.0,0.2,3,8,4.67
PRD-0761,3574,929.0,33.22,28.1,6.5,10,29,3.86
PRD-0541,852,1334.0,11.36,20.6,14.4,8,11,3.39
PRD-0540,737,1587.0,11.7,27.1,17.5,9,12,2.96
PRD-0571,815,1333.0,10.87,21.6,17.8,15,14,2.96
PRD-0708,746,1510.0,11.26,24.8,13.8,6,11,3.12
PRD-0690,998,953.0,9.51,28.8,14.6,9,18,3.54
PRD-0714,602,898.0,5.41,21.4,19.3,11,14,3.03
PRD-0960,2813,1004.0,28.26,29.5,4.2,10,25,3.99
PRD-0839,3616,735.0,26.59,32.3,2.0,9,29,4.22
PRD-0169,1569,408.0,6.4,18.9,5.0,1,5,4.33
PRD-0906,3025,724.0,21.9,31.6,5.9,8,32,4.35
PRD-0242,2304,529.0,12.18,22.1,3.4,1,7,4.07
PRD-0626,817,1109.0,9.06,28.4,20.3,6,20,3.2
PRD-0472,85,9131.0,7.76,31.5,5.9,0,26,4.01
PRD-0643,463,1646.0,7.62,26.9,22.7,4,10,3.21
PRD-0252,1429,347.0,4.97,14.6,6.4,2,8,4.62
PRD-0065,1645,315.0,5.18,17.3,4.2,4,12,4.39
PRD-0241,1498,467.0,6.99,22.2,3.3,3,8,4.61
PRD-0821,2107,984.0,20.74,30.9,1.5,11,30,4.3
PRD-0353,204,9274.0,18.92,43.7,7.1,2,21,3.85
PRD-0132,1694,528.0,8.95,15.7,6.6,1,9,4.26
PRD-0455,146,6932.0,10.12,38.6,9.9,0,22,4.43
PRD-0033,1390,499.0,6.94,14.9,5.4,2,8,4.16
PRD-0969,3733,924.0,34.49,25.6,4.3,9,34,3.97
PRD-0985,3509,682.0,23.94,31.8,5.6,12,37,4.13
PRD-0488,162,5864.0,9.5,37.4,11.1,1,23,4.06
PRD-0820,3409,850.0,28.98,30.0,6.7,10,33,3.63
PRD-0134,2096,393.0,8.24,19.9,2.7,2,11,4.25
PRD-0237,1980,332.0,6.57,20.6,2.6,1,6,4.17
PRD-0191,2096,381.0,7.98,20.6,4.6,2,10,4.34
PRD-0567,937,1029.0,9.64,17.5,17.4,11,14,3.19
PRD-0681,693,1547.0,10.72,28.7,13.9,12,12,3.35
PRD-0671,907,1112.0,10.08,20.7,19.5,8,7,3.09
PRD-0517,637,1619.0,10.31,25.0,19.0,14,15,3.19
PRD-0021,2692,349.0,9.39,21.3,5.9,3,10,4.35
PRD-0183,1409,489.0,6.88,23.5,3.5,3,10,4.29
PRD-0866,2859,1154.0,33.01,34.3,5.7,6,32,3.82
PRD-0338,246,6289.0,15.47,37.7,13.5,0,22,4.05
PRD-0799,2599,861.0,22.39,35.8,7.3,16,28,4.11
PRD-0724,855,1638.0,14.0,24.5,17.9,7,18,3.22
PRD-0249,1482,435.0,6.44,14.6,4.7,1,7,4.07
PRD-0802,3004,734.0,22.04,31.6,1.1,10,34,4.18
PRD-0589,1250,1109.0,13.86,26.5,18.8,9,9,3.29
PRD-0653,616,1100.0,6.78,28.2,16.3,15,8,3.21
PRD-0537,672,1561.0,10.49,17.6,16.2,4,13,3.27
PRD-0470,135,5661.0,7.64,38.6,6.8,3,31,4.29
PRD-0409,121,7750.0,9.38,34.1,4.3,0,24,4.27
PRD-0744,860,1427.0,12.27,26.0,15.6,2,21,3.4
PRD-0505,679,1488.0,10.11,22.3,16.3,10,11,2.68
PRD-0920,3144,1065.0,33.5,35.0,8.5,16,27,4.3
PRD-0694,679,1279.0,8.69,21.1,17.0,10,16,3.3
PRD-0688,596,1400.0,8.35,18.9,16.5,10,9,3.03
PRD-0398,209,7815.0,16.33,36.5,7.3,0,26,4.24
PRD-0908,2507,887.0,22.23,32.7,7.2,9,33,4.27
PRD-0406,231,5234.0,12.09,35.8,12.3,0,26,4.34
PRD-0376,164,5002.0,8.2,37.2,7.4,1,31,4.21
PRD-0424,183,7007.0,12.82,41.4,11.4,2,27,4.24
PRD-0311,169,8700.0,14.7,33.8,6.0,1,22,3.94
PRD-0143,1266,365.0,4.62,10.4,0.2,2,3,4.34
PRD-0876,2902,1032.0,29.94,27.8,7.9,14,31,3.99
PRD-0772,3147,784.0,24.67,31.4,4.1,11,28,4.09
PRD-0388,184,5419.0,9.97,30.8,7.9,1,18,4.04
PRD-0891,3383,707.0,23.93,31.1,6.1,9,31,3.95
PRD-0108,1382,345.0,4.77,16.6,8.0,7,8,4.04
PRD-0126,1637,521.0,8.53,19.5,1.6,4,3,4.36
PRD-0836,2794,883.0,24.67,30.0,4.9,10,30,3.83
PRD-0383,167,7306.0,12.2,37.0,9.1,0,24,4.24
PRD-0527,430,1277.0,5.49,25.6,17.9,10,17,3.16
PRD-0556,674,1284.0,8.66,19.1,15.3,11,12,3.16
PRD-0782,3188,722.0,23.02,27.4,4.8,9,30,3.86
PRD-0371,218,6594.0,14.38,35.3,7.2,0,27,3.96
PRD-0915,3063,1172.0,35.91,25.9,5.9,16,33,4.17
PRD-0932,2847,747.0,21.26,21.7,2.5,10,32,4.01
PRD-0066,2325,421.0,9.79,12.0,4.8,3,11,4.44
PRD-0946,3592,1061.0,38.1,28.6,7.3,15,33,4.33
PRD-0902,2552,1161.0,29.63,30.8,7.1,16,32,4.11
PRD-0825,3196,820.0,26.21,32.9,4.3,18,26,4.13
PRD-0287,184,7434.0,13.68,42.8,8.2,2,24,4.31
PRD-0128,1620,510.0,8.26,12.6,6.7,4,9,4.4
PRD-0254,1919,485.0,9.3,16.7,0.3,2,14,4.47
PRD-0656,742,1447.0,10.74,19.6,17.2,9,17,3.5
PRD-0381,179,8134.0,14.56,39.7,7.5,1,26,4.14
PRD-0059,2809,463.0,12.99,20.4,1.2,5,7,4.12
PRD-0052,1722,591.0,10.18,22.4,0.3,3,10,4.4
PRD-0206,2642,421.0,11.12,19.3,2.7,2,13,4.35
PRD-0054,1591,422.0,6.72,12.6,1.0,2,3,4.2
PRD-0231,1779,436.0,7.75,17.5,1.0,4,6,4.4
PRD-0443,149,5780.0,8.61,29.4,8.1,4,25,4.06
PRD-0753,1009,1817.0,18.33,27.0,15.2,11,13,3.28
PRD-0728,778,940.0,7.31,24.5,18.2,5,14,3.14
PRD-0279,142,5097.0,7.24,39.9,8.0,0,30,4.24
PRD-0226,1771,522.0,9.25,19.0,5.2,2,9,4.33
PRD-0165,2223,476.0,10.57,20.3,0.2,3,3,4.1
PRD-0267,162,6543.0,10.6,33.7,11.4,3,26,3.98
PRD-0339,158,7847.0,12.4,41.4,8.7,0,28,3.97
PRD-0639,582,1411.0,8.21,28.9,19.6,7,11,3.24
PRD-0309,197,7896.0,15.55,37.8,10.0,0,28,4.25
PRD-0185,2899,450.0,13.04,11.4,5.5,3,7,4.58
PRD-0651,729,1305.0,9.51,20.3,15.3,8,14,3.15
PRD-0780,2528,893.0,22.57,27.8,4.4,9,30,3.95
PRD-0757,4524,1002.0,45.33,32.4,1.6,8,32,3.95
PRD-0777,2636,799.0,21.06,38.6,5.7,11,32,3.76
PRD-0140,2269,492.0,11.16,12.9,3.9,2,5,4.45
PRD-0272,141,5841.0,8.24,36.3,10.0,1,24,4.58
PRD-0045,2027,264.0,5.36,20.3,3.9,5,7,4.36
PRD-0597,598,1208.0,7.23,23.0,15.6,6,10,3.2
PRD-0404,219,5255.0,11.51,42.6,7.7,1,25,4.15
PRD-0407,209,8444.0,17.65,40.1,8.9,1,21,4.41
PRD-0732,643,1230.0,7.91,29.1,17.4,7,16,3.43
PRD-0789,3116,796.0,24.79,37.5,6.3,16,30,4.01
PRD-0497,207,5266.0,10.9,41.3,8.1,2,23,4.01
PRD-0494,256,5071.0,12.98,37.4,7.4,0,29,3.96
PRD-0539,638,1517.0,9.68,21.9,14.0,8,15,2.97
PRD-0750,858,1263.0,10.84,26.0,13.7,8,19,3.35
PRD-0250,1671,442.0,7.38,16.2,1.6,4,7,4.17
PRD-0048,1973,443.0,8.74,13.4,0.2,4,5,4.32
PRD-0516,956,1281.0,12.24,25.8,21.0,4,11,3.2
PRD-0715,605,1227.0,7.43,24.6,19.4,12,11,3.3
PRD-0402,108,6699.0,7.23,30.9,11.9,5,27,4.07
PRD-0101,1086,404.0,4.39,19.3,3.4,1,3,4.49
PRD-0316,206,5375.0,11.07,36.9,7.0,1,24,4.25
PRD-0669,907,1160.0,10.52,28.1,13.4,8,22,3.37
PRD-0174,1815,285.0,5.18,13.1,3.0,1,6,4.37
PRD-0405,100,7259.0,7.26,37.4,6.3,1,24,4.17
PRD-0929,3997,763.0,30.49,29.2,6.8,14,31,4.4
PRD-0693,924,1262.0,11.66,26.4,15.6,7,17,3.05
PRD-0646,699,1233.0,8.62,26.1,19.4,9,17,3.03
PRD-0071,1238,551.0,6.82,13.1,0.6,0,9,4.44
PRD-0877,3287,1001.0,32.9,25.1,7.7,10,35,3.93
PRD-0939,4760,1006.0,47.89,31.9,8.0,11,23,3.59
PRD-0895,4421,909.0,40.19,31.9,6.2,12,30,4.19
PRD-0914,2480,888.0,22.01,33.3,6.1,8,34,3.93
PRD-0504,794,1510.0,11.99,27.7,17.6,8,10,3.29
PRD-0718,507,1566.0,7.94,28.1,13.9,11,16,3.53
PRD-0830,2532,750.0,18.99,35.1,5.4,12,31,4.32
PRD-0211,1665,440.0,7.32,14.9,6.3,6,5,4.44
PRD-0586,759,934.0,7.09,27.1,15.3,2,11,3.55
PRD-0458,142,5819.0,8.26,38.2,11.3,0,24,4.27
PRD-0113,1398,472.0,6.6,18.1,2.7,2,11,4.35
PRD-0346,195,6941.0,13.53,34.7,10.8,0,22,4.41
PRD-0368,175,6567.0,11.49,41.3,11.0,2,22,4.14
PRD-0328,114,7728.0,8.81,39.6,9.2,1,22,3.84
PRD-0687,658,1351.0,8.89,17.6,12.8,7,11,3.12
PRD-0945,2396,712.0,17.06,31.2,2.4,14,33,4.14
PRD-0922,3980,1503.0,59.84,25.8,10.9,20,33,3.93
PRD-0591,1043,1487.0,15.51,28.4,19.8,5,12,3.7
PRD-0030,1422,340.0,4.83,22.0,0.6,2,8,4.9
PRD-0601,725,1784.0,12.93,20.2,17.7,7,15,3.42
PRD-0585,1031,1045.0,10.78,20.3,17.8,12,14,3.19
PRD-0667,697,860.0,5.99,30.5,14.6,13,17,3.3
PRD-0843,3408,851.0,29.01,27.9,7.6,7,28,4.02
PRD-0480,108,5807.0,6.27,33.7,6.0,0,23,4.18
PRD-0801,3466,796.0,27.58,26.9,4.8,11,26,4.05
PRD-0042,1699,417.0,7.08,16.1,4.9,4,3,4.5
PRD-0790,2788,882.0,24.58,31.9,7.5,11,34,3.9
PRD-0083,1914,404.0,7.74,16.8,0.2,2,7,4.23
PRD-0432,117,5425.0,6.35,34.3,7.0,0,20,4.26
PRD-0499,110,7128.0,7.84,32.1,9.5,3,25,4.43
PRD-0246,1718,567.0,9.75,18.3,4.2,0,5,4.21
PRD-0680,792,1422.0,11.26,18.1,16.8,11,13,3.27
PRD-0874,3428,1172.0,40.17,27.1,6.3,13,36,4.0
PRD-0566,840,1257.0,10.56,25.8,15.5,8,15,3.61
PRD-0184,1604,480.0,7.7,20.7,2.9,1,3,4.12
PRD-0563,667,1126.0,7.51,29.6,20.1,7,14,3.24
PRD-0918,3239,873.0,28.27,28.3,4.0,5,34,3.95
PRD-0641,615,1044.0,6.42,24.6,14.6,7,11,3.16
PRD-0259,1275,547.0,6.97,13.5,4.1,1,12,4.36
PRD-0833,3428,1401.0,48.02,24.2,9.8,6,33,4.03
PRD-0760,3713,879.0,32.65,31.0,6.5,7,36,4.02
PRD-0428,120,9023.0,10.83,31.8,7.0,1,28,4.48
PRD-0060,1237,343.0,4.24,18.9,2.2,2,14,4.51
PRD-0903,4028,751.0,30.25,25.3,2.9,16,34,4.38
PRD-0917,3292,762.0,25.07,35.3,5.3,6,32,3.85
PRD-0395,156,8401.0,13.11,41.5,9.1,2,24,4.36
PRD-0303,163,8939.0,14.57,35.5,6.8,0,29,4.11
PRD-0391,158,7084.0,11.19,42.5,15.2,0,21,4.21
PRD-0419,109,4940.0,5.39,36.2,5.4,0,28,4.13
PRD-0709,835,830.0,6.93,20.4,17.0,8,12,3.2
PRD-0293,212,7038.0,14.92,32.0,11.1,0,26,3.86
PRD-0373,220,8467.0,18.63,34.2,10.5,2,22,4.08
PRD-0159,2260,465.0,10.51,16.9,1.1,2,9,4.38
PRD-0859,2849,1014.0,28.89,34.2,5.1,11,32,3.67
PRD-0535,638,1184.0,7.56,28.9,15.0,9,16,3.15
PRD-0858,3854,813.0,31.33,32.6,5.3,7,27,4.23
PRD-0258,1697,313.0,5.31,23.3,5.3,1,9,4.46
PRD-0123,2123,415.0,8.81,16.4,2.2,4,3,4.0
PRD-0658,944,946.0,8.93,22.8,17.3,9,12,3.14
PRD-0998,4835,887.0,42.87,26.8,5.5,10,30,4.05
PRD-0730,907,2159.0,19.58,23.7,17.6,7,16,3.11
PRD-0522,793,1006.0,7.97,24.1,17.9,8,10,3.83
PRD-0340,154,7162.0,11.03,39.0,8.5,1,24,4.19
PRD-0632,530,1631.0,8.65,23.1,15.7,8,13,3.42
PRD-0679,732,1096.0,8.03,24.9,16.8,7,11,3.33
PRD-0713,792,1574.0,12.47,22.6,18.2,8,8,3.02
PRD-0465,183,8369.0,15.31,39.0,9.1,1,26,3.47
PRD-0575,636,1386.0,8.82,29.5,15.1,10,9,3.23
PRD-0248,1563,462.0,7.22,14.3,3.1,2,12,4.69
PRD-0313,265,5813.0,15.4,31.9,10.0,2,29,4.03
PRD-0650,683,1425.0,9.74,22.6,15.0,10,20,2.92
PRD-0773,4056,937.0,38.0,31.3,2.4,14,28,4.07
PRD-0786,2120,740.0,15.68,32.7,5.1,12,30,3.96
PRD-0771,3552,1005.0,35.68,30.7,6.0,7,35,4.06
PRD-0844,5784,1133.0,65.51,31.5,4.9,10,33,3.97
PRD-0811,3280,1081.0,35.44,35.0,4.3,12,36,4.02
PRD-0161,2274,328.0,7.46,15.4,3.3,2,9,4.55
PRD-0550,679,1277.0,8.67,26.6,18.3,10,12,3.05
PRD-0952,1886,925.0,17.45,34.9,6.9,14,31,3.92
PRD-0692,647,1070.0,6.92,20.4,16.3,9,19,2.96
PRD-0838,4048,811.0,32.81,30.8,6.1,8,30,4.38
PRD-0018,2161,431.0,9.3,24.8,3.6,2,11,4.2
PRD-0479,165,6284.0,10.37,32.1,9.4,4,16,4.05
PRD-0158,1963,386.0,7.58,17.2,2.1,2,3,4.17
PRD-0180,1804,356.0,6.42,19.1,3.7,2,6,4.03
PRD-0067,2420,395.0,9.55,19.1,0.2,1,7,4.57
PRD-0824,2666,1077.0,28.72,33.7,6.7,10,29,4.03
PRD-0144,2343,343.0,8.03,19.1,2.2,6,10,4.54
PRD-0700,840,1163.0,9.77,24.0,17.3,2,19,3.2
PRD-0077,2522,385.0,9.7,11.8,3.8,4,10,4.35
PRD-0975,4106,987.0,40.53,29.3,8.2,16,31,4.44
PRD-0326,159,9367.0,14.89,37.4,5.3,1,24,4.11
PRD-0192,2067,400.0,8.28,24.6,5.3,1,9,4.5
PRD-0478,155,5275.0,8.18,38.4,7.2,0,20,4.18
PRD-0277,162,7603.0,12.32,40.4,8.0,0,25,4.28
PRD-0170,1618,482.0,7.8,12.5,3.2,3,4,4.18
PRD-0502,689,1320.0,9.09,26.4,16.0,4,12,3.33
PRD-0173,1569,399.0,6.26,20.4,1.0,0,6,4.67
PRD-0606,739,1363.0,10.08,25.1,14.5,10,12,3.15
PRD-0446,113,7516.0,8.49,38.2,5.2,0,25,3.93
PRD-0040,2155,385.0,8.3,14.6,2.3,6,4,3.76
PRD-0645,522,1434.0,7.49,26.8,15.3,5,16,3.03
PRD-0785,2889,888.0,25.65,29.6,7.9,7,30,4.5
PRD-0221,1416,491.0,6.95,19.7,2.6,2,10,4.51
PRD-0325,107,6518.0,6.97,40.1,7.4,1,22,4.25
PRD-0097,2524,413.0,10.42,19.7,4.6,6,14,4.41
PRD-0286,125,8659.0,10.82,38.2,9.8,2,27,4.65
PRD-0611,961,1447.0,13.91,20.9,16.7,10,11,3.19
PRD-0489,139,7749.0,10.77,40.5,7.7,1,22,4.19
PRD-0103,2401,643.0,15.43,15.9,6.9,2,8,4.48
PRD-0592,809,1366.0,11.05,29.6,15.0,7,13,3.29
PRD-0412,181,5963.0,10.79,37.3,8.3,2,22,4.18
PRD-0629,767,1149.0,8.81,22.1,16.6,12,11,3.1
PRD-1000,2242,944.0,21.16,30.3,8.9,9,31,4.05
PRD-0190,1821,548.0,9.97,22.0,2.9,5,12,4.49
PRD-0652,753,1532.0,11.54,23.7,16.2,11,13,3.16
PRD-0498,177,6131.0,10.85,37.4,7.6,0,24,4.35
PRD-0431,229,4496.0,10.3,36.2,4.1,1,27,3.9
PRD-0178,2369,366.0,8.67,8.0,4.0,3,5,4.12
PRD-0615,971,1205.0,11.7,23.2,16.1,8,19,3.73
PRD-0736,766,1438.0,11.02,28.8,17.9,9,15,3.41
PRD-0740,753,1371.0,10.32,22.4,15.4,6,15,3.11
PRD-0795,2673,645.0,17.24,32.6,7.4,15,32,4.18
PRD-0112,2189,333.0,7.3,18.8,2.2,2,8,4.27
PRD-0884,3924,828.0,32.5,30.1,4.3,8,27,4.36
PRD-0898,3028,1104.0,33.42,31.3,5.5,9,33,3.99
PRD-0131,1753,362.0,6.35,18.1,0.2,3,6,4.38
PRD-0580,492,1012.0,4.98,25.7,18.1,5,13,3.37
PRD-0992,2008,850.0,17.07,36.3,6.1,15,34,4.05
PRD-0990,1964,1178.0,23.14,31.4,7.0,16,35,4.2
PRD-0521,598,971.0,5.81,25.4,20.5,7,17,3.13
PRD-0762,2966,669.0,19.83,29.8,4.4,23,28,4.18
PRD-0900,3721,814.0,30.3,30.0,4.2,8,32,4.14
PRD-0931,4327,892.0,38.6,30.7,1.1,12,32,4.08
PRD-0893,2990,785.0,23.48,25.5,3.1,11,35,4.31
PRD-0157,1805,310.0,5.6,18.7,3.4,2,10,4.57
PRD-0737,892,1324.0,11.81,21.4,18.9,8,15,3.13
PRD-0775,3605,904.0,32.6,35.5,5.8,11,34,4.48
PRD-0852,4411,970.0,42.79,27.9,7.5,13,29,4.27
PRD-0689,795,1305.0,10.37,20.4,15.4,11,21,3.52
PRD-0378,116,7210.0,8.36,43.0,5.1,0,27,4.2
PRD-0872,3022,699.0,21.11,31.9,3.9,12,31,4.18
PRD-0016,1995,432.0,8.61,19.9,1.6,1,3,3.88
PRD-0269,188,4750.0,8.93,30.9,4.3,1,26,4.14
PRD-0100,2140,302.0,6.46,17.5,0.2,2,12,4.56
PRD-0089,1183,345.0,4.08,16.4,0.4,1,3,4.33
PRD-0963,3318,805.0,26.7,30.1,4.1,4,32,4.19
PRD-0514,698,988.0,6.9,23.9,15.7,7,12,3.2
PRD-0568,539,1135.0,6.12,24.2,21.1,5,12,3.39
PRD-0942,2413,1179.0,28.46,35.4,2.1,11,32,3.95
PRD-0224,2388,435.0,10.39,22.3,0.2,5,6,4.38
PRD-0389,211,4611.0,9.73,45.2,7.4,1,24,4.07
PRD-0758,2624,1190.0,31.23,32.2,5.7,17,41,4.0
PRD-0901,2444,1095.0,26.77,31.8,5.7,8,28,4.63
PRD-0678,594,1319.0,7.84,23.7,17.9,11,18,3.35
PRD-0382,95,8758.0,8.32,40.0,10.7,1,24,4.28
PRD-0429,219,5200.0,11.39,38.8,9.5,2,22,4.28
PRD-0477,159,7839.0,12.46,38.7,9.0,2,21,3.95
PRD-0850,2502,1035.0,25.89,27.8,5.7,15,28,4.17
PRD-0788,3496,756.0,26.43,33.5,3.6,10,28,3.96
PRD-0748,327,1001.0,3.27,22.4,16.4,7,15,2.92
PRD-0084,2689,442.0,11.89,20.0,7.4,0,8,4.36
PRD-0549,981,1474.0,14.46,20.5,17.3,5,16,2.99
PRD-0552,1028,1131.0,11.63,26.8,17.7,12,16,3.15
PRD-0255,2337,492.0,11.49,10.1,1.8,3,10,4.57
PRD-0967,2728,855.0,23.33,33.1,6.9,8,28,4.07
PRD-0208,2256,421.0,9.5,22.2,4.6,2,6,4.39
PRD-0911,3106,1079.0,33.51,29.4,4.3,16,30,3.7
PRD-0228,2364,496.0,11.73,16.8,0.4,3,7,4.37
PRD-0873,2088,815.0,17.01,34.8,1.8,7,28,3.78
PRD-0508,471,1162.0,5.47,24.0,14.4,9,16,3.36
PRD-0209,1848,367.0,6.77,15.4,1.3,1,6,4.14
PRD-0360,203,7221.0,14.66,35.5,9.2,1,23,4.08
PRD-0245,2565,432.0,11.08,21.4,2.1,2,7,4.33
PRD-0501,600,1291.0,7.75,24.7,15.1,6,13,3.19
PRD-0075,2056,436.0,8.96,14.4,0.6,4,10,4.5
PRD-0114,1629,598.0,9.74,21.4,4.8,3,5,4.62
PRD-0987,3016,1160.0,34.98,34.9,4.8,10,32,4.0
PRD-0574,758,1434.0,10.87,24.7,20.8,12,13,3.58
PRD-0867,1451,816.0,11.84,29.8,9.2,8,36,4.09
PRD-0342,172,5207.0,8.96,38.7,6.2,0,22,3.77
PRD-0581,720,1323.0,9.52,18.0,17.5,5,13,3.2
PRD-0961,2767,1007.0,27.86,27.5,0.6,11,29,3.93
PRD-0117,2017,418.0,8.42,24.8,1.6,5,8,4.31
PRD-0055,2021,432.0,8.72,20.8,5.4,7,8,4.5
PRD-0964,3512,803.0,28.2,35.7,3.0,17,28,4.38
PRD-0230,2216,417.0,9.25,15.3,2.1,4,8,4.25
PRD-0323,186,7464.0,13.88,42.0,8.7,1,22,4.48
PRD-0256,1550,434.0,6.72,16.9,1.4,0,11,4.26
PRD-0473,188,7453.0,14.01,35.7,8.1,2,27,3.87
PRD-0469,124,5765.0,7.15,39.3,9.7,0,22,4.24
PRD-0448,89,7420.0,6.6,37.3,10.6,2,25,4.14
PRD-0355,156,6979.0,10.89,36.2,11.8,1,27,4.07
PRD-0613,849,1310.0,11.12,15.0,16.7,6,14,2.93
PRD-0384,186,8056.0,14.98,41.3,5.7,0,16,4.04
PRD-0794,3487,1067.0,37.22,30.9,6.2,14,26,3.75
PRD-0096,1123,312.0,3.51,14.9,3.3,1,10,4.44
PRD-0234,2479,362.0,8.97,19.0,8.0,4,4,4.25
PRD-0814,2200,1063.0,23.4,30.5,8.0,14,34,4.19
PRD-0804,2521,1048.0,26.42,32.3,4.7,10,33,3.74
PRD-0986,2947,998.0,29.42,36.3,4.6,11,27,4.25
PRD-0822,2681,729.0,19.55,35.5,7.9,9,31,3.89
PRD-0554,842,1251.0,10.54,21.1,17.0,12,16,3.14
PRD-0072,1519,326.0,4.95,18.5,0.5,4,3,4.78
PRD-0854,3144,883.0,27.75,31.6,5.7,16,33,4.18
PRD-0978,2783,1283.0,35.71,27.3,6.1,13,29,3.92
PRD-0664,697,1129.0,7.87,26.0,14.5,9,13,2.95
PRD-0698,533,1702.0,9.07,23.8,12.9,10,14,3.29
PRD-0747,736,1153.0,8.49,22.0,13.2,7,12,3.38
PRD-0810,2638,866.0,22.86,24.6,1.6,15,34,3.64
PRD-0883,2748,940.0,25.83,30.5,4.7,8,32,3.96
PRD-0109,1068,416.0,4.44,19.4,4.2,3,7,4.27
PRD-0841,2930,836.0,24.49,25.2,5.7,12,27,4.2
PRD-0306,148,7522.0,11.13,40.4,4.6,0,19,4.16
PRD-0751,593,1285.0,7.62,23.8,16.0,9,18,3.13
PRD-0322,171,7655.0,13.09,38.3,5.9,1,26,4.16
PRD-0037,2169,595.0,12.92,13.2,2.4,5,4,4.41
PRD-0572,774,1269.0,9.82,23.5,15.8,7,8,3.47
PRD-0350,181,6493.0,11.75,36.8,7.6,2,22,4.12
PRD-0924,2607,983.0,25.61,32.0,3.2,12,28,3.93
PRD-0856,4001,1076.0,43.06,31.9,4.1,7,35,4.29
PRD-0755,544,1259.0,6.85,30.5,17.9,9,11,3.14
PRD-0253,2051,391.0,8.02,22.2,4.0,1,13,4.24
PRD-0095,856,340.0,2.91,22.3,5.7,3,4,4.25
PRD-0512,630,1525.0,9.61,17.5,19.6,5,13,3.44
PRD-0576,1047,1097.0,11.48,21.5,17.0,7,16,3.25
PRD-0889,3691,1022.0,37.73,29.9,7.6,14,32,4.16
PRD-0291,180,7368.0,13.26,40.7,5.2,1,24,4.3
PRD-0892,2530,752.0,19.02,33.7,9.5,12,36,3.96
PRD-0670,694,1231.0,8.54,21.4,16.6,10,10,2.99
PRD-0570,545,1231.0,6.71,21.8,17.4,4,15,3.21
PRD-0387,174,8643.0,15.04,36.9,10.0,3,23,3.98
PRD-0815,4131,1475.0,60.94,31.0,7.1,9,42,3.7
PRD-0475,170,8291.0,14.09,44.4,9.4,2,22,4.26
PRD-0341,123,4984.0,6.13,36.6,7.8,2,27,4.35
PRD-0010,1837,375.0,6.88,17.6,4.3,4,11,3.96
PRD-0116,1638,414.0,6.77,20.1,5.7,10,10,4.23
PRD-0547,680,1399.0,9.52,22.0,14.5,7,20,2.97
PRD-0288,149,6488.0,9.67,34.8,5.5,1,26,4.49
PRD-0869,2123,792.0,16.82,27.8,3.4,8,31,3.93
PRD-0440,198,6173.0,12.22,36.7,13.1,0,23,4.39
PRD-0240,1898,381.0,7.23,17.2,4.2,2,5,4.5
PRD-0631,617,1121.0,6.92,27.8,14.7,7,13,3.36
PRD-0154,1426,416.0,5.93,18.7,3.5,5,10,4.49
PRD-0800,4664,1006.0,46.94,31.3,6.7,11,33,4.22
PRD-0008,1835,482.0,8.85,15.2,5.3,5,15,4.07
PRD-0172,1492,482.0,7.19,22.8,1.8,3,12,4.31
PRD-0809,3021,646.0,19.51,30.9,4.3,6,31,4.05
PRD-0913,2952,703.0,20.75,27.2,3.8,7,32,4.07
PRD-0734,675,1379.0,9.31,21.6,19.5,7,17,3.33
PRD-0813,2694,850.0,22.91,29.8,3.9,21,34,3.88
PRD-0155,2125,372.0,7.91,22.8,2.6,1,5,4.37
PRD-0509,757,1152.0,8.72,23.0,16.8,9,20,3.41
PRD-0147,1720,350.0,6.02,17.3,4.2,1,11,4.25
PRD-0649,500,1265.0,6.32,17.8,15.4,4,12,3.22
PRD-0217,1613,456.0,7.36,13.5,2.1,2,8,4.36
PRD-0583,520,1523.0,7.92,22.0,16.1,9,19,3.51
PRD-0752,830,1256.0,10.43,21.2,18.1,11,17,3.49
PRD-0265,96,6479.0,6.22,35.9,11.8,1,22,4.02
PRD-0971,2928,658.0,19.27,36.4,6.3,13,29,3.53
PRD-0009,1774,510.0,9.05,18.2,7.1,4,8,4.18
PRD-0691,795,1423.0,11.31,25.2,14.9,10,19,3.23
PRD-0500,164,8807.0,14.44,34.1,8.8,1,20,3.82
PRD-0623,596,1294.0,7.71,26.6,14.6,10,16,3.37
PRD-0996,4426,1040.0,46.01,28.9,5.0,14,26,4.16
PRD-0793,2552,674.0,17.19,30.0,5.5,14,29,4.1
PRD-0890,3386,887.0,30.02,35.6,5.8,10,25,3.66
PRD-0164,2653,354.0,9.4,13.6,0.2,1,15,4.39
PRD-0528,729,1677.0,12.22,23.9,17.4,8,13,3.22
PRD-0411,115,9283.0,10.68,38.7,9.9,0,25,4.09
PRD-0860,4514,1015.0,45.81,33.2,3.4,14,25,3.87
PRD-0284,197,8362.0,16.47,33.2,9.2,0,19,4.03
PRD-0334,142,6012.0,8.54,32.7,9.3,0,24,4.14
PRD-0599,532,1030.0,5.48,23.2,16.9,11,12,3.51
PRD-0798,4379,794.0,34.77,34.8,3.4,18,29,4.15
PRD-0063,1262,429.0,5.41,12.9,4.7,5,9,4.07
PRD-0686,673,823.0,5.54,24.6,16.7,5,11,3.35
PRD-0364,212,6455.0,13.69,41.5,5.8,3,18,3.81
PRD-0953,2586,738.0,19.09,20.5,6.3,13,30,4.18
PRD-0453,117,6571.0,7.69,36.0,8.1,0,23,4.04
PRD-0359,206,6034.0,12.43,39.8,9.1,1,19,4.18
PRD-0435,100,5915.0,5.91,40.5,10.4,1,25,4.11
PRD-0459,98,5769.0,5.65,31.7,7.2,2,24,4.31
PRD-0968,2427,948.0,23.02,35.2,7.2,15,32,4.23
PRD-0031,1223,632.0,7.73,13.8,0.2,0,11,4.72
PRD-0853,2904,1111.0,32.27,29.3,7.6,13,34,4.0
PRD-0976,3548,859.0,30.46,31.6,1.2,12,32,3.77
PRD-0374,150,6621.0,9.93,35.7,9.4,0,24,4.06
PRD-0749,784,1189.0,9.32,29.4,16.4,9,18,3.3
PRD-0454,164,6190.0,10.15,38.0,7.7,1,19,3.93
PRD-0783,2970,886.0,26.32,33.4,2.4,12,31,4.15
PRD-0878,3277,966.0,31.66,34.4,5.5,19,30,3.77
PRD-0363,127,8546.0,10.85,40.9,7.0,2,30,3.64
PRD-0487,186,5880.0,10.94,39.2,6.8,1,22,4.25
PRD-0024,1692,382.0,6.47,18.9,6.1,4,7,4.48
PRD-0020,2291,458.0,10.5,21.5,1.7,3,6,4.42
PRD-0215,1726,515.0,8.89,19.4,3.1,0,6,4.52
PRD-0529,659,1358.0,8.95,23.7,15.0,10,14,3.08
PRD-0032,1945,465.0,9.05,20.7,2.0,5,10,4.43
PRD-0481,114,8272.0,9.43,35.3,7.0,0,25,4.31
PRD-0668,1189,993.0,11.81,27.6,13.6,7,12,3.1
PRD-0142,2609,415.0,10.83,13.8,0.4,2,5,4.06
PRD-0017,2364,401.0,9.47,23.3,3.0,5,16,4.47
PRD-0746,877,985.0,8.63,21.7,17.1,6,12,3.36
PRD-0118,1901,334.0,6.34,16.2,2.3,4,6,4.29
PRD-0909,3738,1016.0,37.99,32.4,6.2,13,28,4.06
PRD-0426,145,8801.0,12.76,41.5,5.2,0,27,4.18
PRD-0069,1534,356.0,5.46,18.9,2.7,8,8,4.29
PRD-0766,4427,862.0,38.14,29.4,3.1,12,34,4.04
PRD-0993,1446,917.0,13.27,30.3,5.6,15,31,4.8
PRD-0294,168,6012.0,10.1,32.3,7.8,1,22,4.17
PRD-0564,614,1277.0,7.84,26.8,18.9,5,10,3.02
PRD-0213,1973,352.0,6.94,21.3,2.3,5,11,4.37
PRD-0851,2674,1002.0,26.8,32.0,2.6,21,32,3.83
PRD-0894,2745,1017.0,27.91,33.6,6.8,10,30,4.0
PRD-0672,560,1306.0,7.31,25.9,18.6,12,15,3.24
PRD-0148,2028,279.0,5.65,16.5,3.6,1,7,4.3
PRD-0001,1826,429.0,7.83,25.4,4.9,3,8,4.44
PRD-0276,137,8127.0,11.13,41.6,3.0,0,28,4.31
PRD-0232,2145,290.0,6.23,16.3,7.1,3,4,4.33
PRD-0827,3379,1188.0,40.13,28.8,2.7,9,35,3.75
PRD-0663,640,1280.0,8.19,21.9,14.8,7,14,3.46
PRD-0912,2601,851.0,22.13,24.9,8.4,15,28,3.95
PRD-0438,147,7412.0,10.9,38.8,10.9,0,20,4.03
PRD-0506,504,1329.0,6.7,21.4,18.6,6,17,2.84
PRD-0722,986,1216.0,11.99,25.4,17.3,4,9,3.04
PRD-0104,1630,441.0,7.19,15.8,4.9,2,3,4.09
PRD-0609,917,1279.0,11.73,27.4,17.9,13,13,3.12
PRD-0227,1278,359.0,4.59,20.0,2.4,2,7,4.44
PRD-0579,828,970.0,8.03,22.0,14.8,6,13,3.16
PRD-0665,709,1030.0,7.3,18.6,14.9,11,15,3.36
PRD-0385,189,5623.0,10.63,41.6,7.7,3,27,4.26
PRD-0070,2192,375.0,8.21,22.5,0.2,2,9,4.26
PRD-0129,2482,502.0,12.45,14.3,2.2,3,6,4.42
PRD-0216,2106,292.0,6.15,23.0,2.3,3,8,4.25
PRD-0781,2827,744.0,21.02,36.1,5.3,18,27,3.88
PRD-0944,2296,1051.0,24.13,28.1,0.2,14,27,4.03
PRD-0167,1791,354.0,6.33,20.8,6.6,2,10,4.58
PRD-0941,3715,768.0,28.51,29.1,9.2,11,30,4.04
PRD-0759,2789,982.0,27.38,28.0,5.1,15,30,3.85
PRD-0865,1982,809.0,16.02,30.0,7.5,18,32,4.61
PRD-0074,1391,438.0,6.09,22.1,0.2,2,7,4.45
PRD-0962,3132,583.0,18.26,36.5,3.7,10,30,3.93
PRD-0716,575,1150.0,6.61,22.1,13.3,9,16,3.18
PRD-0238,2131,492.0,10.49,20.2,0.2,3,6,4.52
PRD-0979,4024,858.0,34.52,32.0,5.3,10,32,4.11
PRD-0099,2103,414.0,8.71,19.8,3.6,0,9,4.32
PRD-0348,166,7317.0,12.15,36.9,9.6,1,28,4.15
PRD-0106,1455,450.0,6.55,24.0,0.2,0,10,4.26
PRD-0845,2599,1063.0,27.62,26.7,3.5,7,25,4.02
PRD-0483,171,6593.0,11.27,36.1,7.9,1,20,4.23
PRD-0352,157,6766.0,10.62,36.2,6.4,2,23,4.26
PRD-0122,1574,300.0,4.72,19.0,4.2,5,10,4.29
PRD-0896,2791,663.0,18.52,24.9,8.0,9,30,4.11
PRD-0403,204,5729.0,11.69,33.3,8.9,2,23,4.1
PRD-0943,1941,1120.0,21.75,38.8,4.2,11,33,4.07
PRD-0767,3237,802.0,25.95,27.6,4.0,9,31,4.14
PRD-0297,163,6847.0,11.16,38.6,5.5,1,26,3.95
PRD-0870,2921,977.0,28.54,32.1,5.8,9,27,4.42
PRD-0636,643,1468.0,9.44,29.4,11.8,5,14,3.52
PRD-0139,2122,533.0,11.31,15.5,6.1,3,14,4.37
PRD-0214,1615,344.0,5.56,23.5,2.2,3,8,4.46
PRD-0602,525,1243.0,6.53,28.4,19.1,7,18,3.07
PRD-0531,1251,1202.0,15.04,23.6,18.0,8,15,3.39
PRD-0675,708,1049.0,7.42,25.7,17.7,5,17,3.24
PRD-0995,2709,823.0,22.29,23.3,4.6,7,31,3.69
PRD-0933,4718,679.0,32.05,36.9,5.4,9,30,4.17
PRD-0262,153,6381.0,9.76,40.2,7.9,1,22,4.3
PRD-0153,2466,391.0,9.64,21.7,1.9,5,6,4.41
PRD-0239,1771,408.0,7.22,13.9,0.2,1,6,4.07
PRD-0207,1046,339.0,3.54,22.2,4.2,1,15,3.88
PRD-0317,108,6659.0,7.19,36.6,9.5,0,23,4.06
PRD-0179,1284,411.0,5.27,21.9,0.2,2,8,4.28
PRD-0430,172,8159.0,14.03,33.6,7.8,1,28,4.11
PRD-0002,1289,279.0,3.6,20.1,1.7,1,4,4.11
PRD-0984,2577,771.0,19.86,33.9,6.8,16,33,4.24
PRD-0308,188,8196.0,15.41,41.3,7.0,0,25,3.88
PRD-0312,137,6614.0,9.06,36.0,11.9,1,27,3.93
PRD-0919,3577,643.0,23.0,33.4,6.1,10,33,3.95
PRD-0848,3156,836.0,26.37,41.2,0.7,12,34,3.81
PRD-0098,1532,370.0,5.67,19.0,3.9,1,6,4.55
PRD-0733,737,929.0,6.85,28.3,18.3,7,13,3.29
PRD-0039,1943,367.0,7.12,15.4,3.9,5,3,4.37
PRD-0243,1994,495.0,9.88,21.6,2.7,4,5,4.43
PRD-0832,3755,977.0,36.7,24.2,10.5,12,32,4.48
PRD-0019,1999,371.0,7.41,12.9,0.9,2,4,4.53
PRD-0102,1917,423.0,8.1,18.1,1.8,4,8,4.46
PRD-0014,1722,403.0,6.94,19.6,3.8,7,7,4.22
PRD-0555,732,1363.0,9.98,23.8,15.5,5,9,3.41
PRD-0370,148,8451.0,12.51,35.6,11.9,1,25,4.0
PRD-0882,4113,972.0,39.98,35.2,9.0,14,29,3.89
PRD-0369,161,6937.0,11.17,39.1,6.5,0,24,4.46
PRD-0725,621,1104.0,6.86,18.1,17.6,5,13,3.26
PRD-0544,502,1033.0,5.18,25.2,15.6,5,15,3.31
PRD-0193,1905,330.0,6.29,22.6,3.8,4,11,4.59
PRD-0905,3343,1114.0,37.24,30.4,0.6,10,33,4.14
PRD-0608,725,1091.0,7.91,27.1,17.9,6,18,3.28
PRD-0684,536,1499.0,8.03,22.5,14.4,7,9,3.39
PRD-0768,3462,1324.0,45.83,30.9,4.9,14,30,4.19
PRD-0519,614,1049.0,6.44,26.1,19.5,4,10,3.22
PRD-0774,2836,943.0,26.73,33.1,7.7,15,29,4.16
PRD-0354,177,7646.0,13.53,40.8,8.2,1,22,4.15
PRD-0536,1080,1194.0,12.9,25.7,17.8,5,16,3.21
PRD-0441,215,7353.0,15.81,43.1,6.5,1,25,4.14
PRD-0410,168,5667.0,9.52,41.6,6.7,0,29,4.31
PRD-0594,468,1396.0,6.53,27.1,18.7,4,17,3.27
PRD-0940,4010,1217.0,48.81,29.9,4.9,11,30,4.06
PRD-0705,871,1247.0,10.86,25.4,19.6,6,17,3.2
PRD-0076,2259,345.0,7.79,21.1,0.2,5,7,4.55
PRD-0400,170,4540.0,7.72,38.0,8.2,1,20,4.05
PRD-0634,869,1024.0,8.9,21.2,15.0,7,16,3.24
PRD-0314,145,5757.0,8.35,34.6,9.4,2,24,4.22
PRD-0787,4643,1020.0,47.37,26.0,5.4,13,30,4.18
PRD-0560,648,1194.0,7.74,28.0,16.5,15,15,3.23
PRD-0862,2166,1163.0,25.19,29.5,9.5,8,31,4.18
PRD-0834,2222,1079.0,23.98,32.7,8.4,13,32,3.92
PRD-0916,5672,804.0,45.63,37.3,4.8,14,26,4.3
PRD-0299,179,6316.0,11.31,32.4,11.7,0,23,4.24
PRD-0399,209,5609.0,11.72,30.5,8.3,0,21,3.91
PRD-0530,678,1126.0,7.63,26.2,15.6,6,19,3.35
PRD-0721,840,1257.0,10.56,24.4,19.7,9,14,3.44
PRD-0327,116,8465.0,9.82,37.6,10.2,0,23,3.99
PRD-0735,580,1025.0,5.95,25.2,19.8,17,10,2.95
PRD-0657,608,1389.0,8.44,24.5,18.5,9,15,2.96
PRD-0417,195,6784.0,13.23,38.7,6.4,1,20,4.08
PRD-0887,2140,738.0,15.79,31.0,5.8,14,30,3.98
PRD-0168,2552,563.0,14.38,20.4,4.5,4,10,4.27
PRD-0763,1922,1066.0,20.48,30.5,1.6,16,31,4.26
PRD-0064,1944,457.0,8.89,17.1,4.0,1,13,4.35
PRD-0442,158,6117.0,9.66,40.3,10.3,2,22,3.95
PRD-0229,2361,486.0,11.48,21.0,5.0,3,7,4.6
PRD-0868,2443,752.0,18.36,28.6,6.6,14,31,4.11
PRD-0957,3226,909.0,29.33,28.8,2.1,7,36,4.13
PRD-0745,540,1299.0,7.02,24.7,14.4,15,8,3.3
PRD-0587,731,1425.0,10.41,22.6,17.8,8,5,3.13
PRD-0437,133,6362.0,8.46,36.8,4.1,2,29,4.18
PRD-0934,3594,927.0,33.31,31.6,2.5,12,40,4.04
PRD-0742,1042,1308.0,13.63,22.5,16.3,4,8,2.99
PRD-0829,3577,769.0,27.52,28.4,8.4,5,30,4.35
PRD-0036,2436,479.0,11.67,18.0,0.9,2,3,4.37
PRD-0947,2956,712.0,21.04,33.7,6.9,14,32,4.11
PRD-0088,1295,331.0,4.28,17.1,0.9,5,6,4.76
PRD-0948,2623,786.0,20.6,34.8,2.7,15,31,4.03
PRD-0331,169,7014.0,11.85,33.4,9.4,1,23,4.38
PRD-0661,793,1575.0,12.49,23.8,12.5,5,14,3.78
PRD-0111,1551,570.0,8.85,16.1,3.2,1,8,4.44
PRD-0847,1944,723.0,14.06,28.0,8.6,13,31,4.15
PRD-0457,239,6149.0,14.7,35.5,7.5,0,21,4.18
PRD-0093,1066,427.0,4.55,14.7,1.0,3,12,4.57
PRD-0290,291,5976.0,17.39,43.2,7.2,0,19,4.13
PRD-0875,2177,606.0,13.2,32.2,7.5,13,31,4.14
PRD-0194,1954,406.0,7.93,17.5,3.7,1,14,4.38
PRD-0358,198,6922.0,13.71,33.3,8.5,2,28,4.21
PRD-0362,187,6280.0,11.74,37.9,12.0,2,25,4.22
PRD-0677,884,1021.0,9.02,26.8,19.8,10,23,2.99
PRD-0351,257,5346.0,13.74,36.5,10.9,2,21,4.15
PRD-0880,3429,917.0,31.45,35.6,2.5,10,26,4.15
PRD-0336,108,4921.0,5.31,34.3,11.8,2,24,4.14
PRD-0551,729,1649.0,12.02,20.0,16.5,5,12,3.39
PRD-0251,1821,549.0,10.0,18.2,8.8,2,8,4.65
PRD-0926,2935,1058.0,31.06,28.0,0.7,10,27,3.83
PRD-0343,112,4564.0,5.11,37.5,6.9,0,22,3.96
PRD-0130,2008,387.0,7.76,21.9,3.8,5,6,4.39
PRD-0081,1714,523.0,8.96,19.6,2.7,1,9,4.75
PRD-0729,701,1018.0,7.14,25.7,15.4,9,16,3.2
PRD-0420,129,7645.0,9.86,35.9,5.0,0,23,4.09
PRD-0819,3957,588.0,23.26,29.8,7.9,16,31,4.24
PRD-0205,1420,457.0,6.48,22.3,4.8,3,13,4.1
PRD-0806,2956,1034.0,30.56,33.9,4.2,12,29,3.7
PRD-0704,711,1036.0,7.37,26.8,17.4,11,14,3.19
PRD-0791,2278,726.0,16.54,31.7,3.0,10,34,4.12
PRD-0526,707,1331.0,9.41,26.3,17.0,5,17,3.24
PRD-0080,1769,444.0,7.86,19.9,2.8,3,6,4.32
PRD-0445,201,5602.0,11.26,41.7,7.8,1,23,3.9
PRD-0053,2595,385.0,10.0,20.9,2.7,3,7,4.17
PRD-0647,640,1135.0,7.27,29.4,15.4,4,8,3.39
PRD-0062,2153,421.0,9.06,20.1,0.2,3,8,4.45
PRD-0532,849,1009.0,8.57,26.9,17.3,10,14,2.96
PRD-0266,135,8593.0,11.6,40.0,10.9,0,26,4.16
PRD-0776,2269,766.0,17.38,30.3,4.0,18,27,4.08
PRD-0548,960,969.0,9.3,22.1,17.2,8,17,3.21
PRD-0035,1976,584.0,11.54,19.6,2.7,1,11,4.22
PRD-0991,2920,686.0,20.04,32.8,2.6,10,33,4.32
PRD-0881,3689,952.0,35.11,27.8,6.8,11,35,4.07
PRD-0415,140,9808.0,13.73,37.2,5.0,2,27,3.85
PRD-0593,557,1129.0,6.29,16.7,18.6,3,17,3.25
PRD-0007,2579,463.0,11.95,18.7,1.8,2,10,4.5
PRD-0966,3359,726.0,24.39,29.3,4.1,9,27,4.17
PRD-0682,504,998.0,5.03,27.6,19.1,7,14,3.28
PRD-0150,2087,430.0,8.98,13.2,4.1,1,9,3.75
PRD-0244,1955,420.0,8.21,15.2,3.8,3,3,4.31
PRD-0460,149,5295.0,7.89,37.0,11.6,0,29,4.38
PRD-0886,3399,1016.0,34.54,32.1,7.9,10,32,4.07
PRD-0807,3729,983.0,36.66,37.2,4.8,11,32,4.15
PRD-0295,188,7386.0,13.88,27.9,9.9,0,20,4.08
PRD-0837,2346,786.0,18.44,32.8,2.1,17,28,4.2
PRD-0958,6199,876.0,54.31,33.8,8.1,17,34,4.01
PRD-0621,496,1281.0,6.35,26.5,14.6,6,17,3.08
PRD-0257,1872,511.0,9.57,15.8,3.4,2,9,4.43
PRD-0699,679,1403.0,9.52,22.4,18.6,6,19,3.1
PRD-0936,3164,790.0,25.0,26.3,6.1,9,30,3.81
PRD-0125,1950,342.0,6.67,16.7,6.2,1,10,4.38
PRD-0756,3128,858.0,26.85,26.2,5.8,12,31,4.11
PRD-0546,607,913.0,5.54,24.2,16.8,9,19,3.33
PRD-0408,129,6960.0,8.98,36.1,8.1,0,25,4.22
PRD-0310,151,6904.0,10.43,41.1,10.3,1,21,4.26
PRD-0959,2369,801.0,18.98,33.0,1.3,18,26,4.14
PRD-0754,610,928.0,5.66,27.7,16.5,7,18,3.37
PRD-0513,679,1075.0,7.3,27.6,17.2,9,16,3.72
PRD-0162,2077,542.0,11.25,20.7,6.2,4,5,4.66
PRD-0436,138,8357.0,11.53,37.4,6.8,1,19,4.18
PRD-0176,1126,450.0,5.07,19.7,0.8,5,4,4.27
PRD-0558,733,1155.0,8.46,23.2,16.1,2,13,3.57
PRD-0056,2251,343.0,7.73,18.6,6.5,5,6,4.21
PRD-0047,1507,471.0,7.09,21.6,2.2,3,6,4.51
PRD-0712,539,988.0,5.32,23.0,15.2,13,12,3.45
PRD-0090,2139,465.0,9.95,19.9,3.5,4,9,4.33
PRD-0706,610,1088.0,6.63,25.0,15.9,11,14,3.31
PRD-0444,184,6977.0,12.84,37.9,10.2,0,23,4.09
PRD-0264,114,6952.0,7.93,42.3,8.2,0,28,4.23
PRD-0386,147,6299.0,9.26,38.1,5.5,2,27,3.94
PRD-0149,1405,442.0,6.21,16.3,1.3,3,8,4.5
PRD-0703,496,1537.0,7.62,21.1,19.3,5,10,3.72
PRD-0292,173,6329.0,10.95,37.8,6.1,1,25,4.24
PRD-0553,917,1150.0,10.54,26.3,16.2,13,16,3.28
PRD-0394,160,5670.0,9.07,39.2,5.5,0,21,4.45
PRD-0261,174,8320.0,14.48,38.9,9.3,0,25,4.27
PRD-0414,137,6530.0,8.95,40.9,7.7,2,24,4.29
PRD-0464,136,5964.0,8.11,41.2,8.0,1,19,4.35
PRD-0614,885,1202.0,10.64,26.7,18.5,6,17,3.22
PRD-0977,1985,877.0,17.4,31.1,6.4,12,31,3.72
PRD-0365,146,6866.0,10.02,36.9,5.9,1,21,4.5
PRD-0301,194,6423.0,12.46,37.2,6.0,2,26,4.03
PRD-0187,1870,388.0,7.25,13.3,4.4,3,7,4.14
PRD-0720,516,1090.0,5.63,21.6,16.9,13,14,3.26
PRD-0831,3381,585.0,19.77,30.1,5.8,4,31,3.93
PRD-0612,600,1585.0,9.51,25.1,17.3,9,15,3.26
PRD-0999,3580,930.0,33.3,23.3,8.3,10,24,4.4
PRD-0596,760,1519.0,11.54,22.8,14.3,7,16,3.37
PRD-0151,1785,437.0,7.8,20.9,1.4,6,7,3.96
PRD-0491,185,7167.0,13.26,43.1,9.4,1,23,4.31
PRD-0812,3228,935.0,30.17,30.0,5.0,11,32,3.89
PRD-0710,469,1033.0,4.84,24.8,14.8,6,10,2.86
PRD-0950,3525,984.0,34.68,29.3,5.1,12,29,4.1
PRD-0166,1908,401.0,7.66,16.1,0.2,7,9,4.14
PRD-0356,232,4617.0,10.71,44.3,9.7,1,26,4.57
PRD-0863,2277,980.0,22.33,30.6,2.7,12,26,4.05
PRD-0152,1349,581.0,7.83,20.6,1.0,4,5,4.47
PRD-0518,1641,1103.0,18.09,17.4,16.1,6,9,3.35
PRD-0739,948,1381.0,13.09,18.6,20.3,5,13,2.88
PRD-0015,2441,581.0,14.19,13.9,6.3,2,8,4.2
PRD-0816,3137,920.0,28.85,26.7,4.9,1,27,3.89
PRD-0778,5402,772.0,41.69,28.6,5.9,7,34,4.11
PRD-0510,576,1038.0,5.98,22.3,17.7,6,14,2.97
PRD-0635,904,1188.0,10.74,26.6,21.9,9,16,3.41
PRD-0434,206,7796.0,16.06,40.3,5.1,2,24,4.11
PRD-0994,3420,746.0,25.52,26.5,3.6,14,30,3.91
PRD-0674,731,1109.0,8.11,23.8,17.7,6,13,3.13
PRD-0598,500,998.0,4.99,24.3,15.9,2,14,3.17
PRD-0557,437,1034.0,4.52,29.5,17.3,9,13,3.37
PRD-0260,1782,472.0,8.4,20.3,1.6,3,10,4.42
PRD-0620,863,1483.0,12.8,25.1,16.3,7,18,3.26
PRD-0202,1994,384.0,7.65,16.4,5.4,3,5,4.35
PRD-0006,2318,484.0,11.21,13.0,0.7,3,12,4.28
PRD-0503,681,1180.0,8.03,24.8,14.8,9,12,3.05
PRD-0490,153,7493.0,11.46,43.6,6.1,0,29,4.27
PRD-0223,2086,412.0,8.59,22.4,3.7,1,6,4.7
PRD-0225,1542,483.0,7.45,20.1,3.5,4,6,4.06
PRD-0124,1488,283.0,4.22,22.7,2.5,2,13,4.2
PRD-0028,1194,369.0,4.4,17.4,0.5,5,3,4.08
PRD-0726,578,1157.0,6.69,22.8,15.0,9,17,3.27
PRD-0236,1780,386.0,6.87,17.4,3.5,3,7,4.33
PRD-0304,152,7745.0,11.77,42.4,7.5,2,28,4.27
PRD-0719,678,973.0,6.59,26.3,18.4,6,15,3.13
PRD-0534,504,1194.0,6.02,22.6,18.6,4,17,3.35
PRD-0607,735,1385.0,10.18,24.1,21.9,8,13,3.23
PRD-0842,2269,790.0,17.92,28.0,4.8,10,31,4.29
PRD-0792,3552,908.0,32.24,33.0,4.4,16,33,4.01
PRD-0738,786,1070.0,8.41,22.1,17.1,7,18,3.16
PRD-0456,154,6192.0,9.54,36.8,7.4,3,25,3.6
PRD-0493,265,8080.0,21.41,40.6,7.5,2,20,4.22
PRD-0937,3160,988.0,31.23,30.7,2.8,11,30,3.83
PRD-0835,3588,821.0,29.45,37.6,4.6,12,30,4.49
PRD-0954,3819,745.0,28.44,32.9,6.4,13,35,3.83
PRD-0482,168,6172.0,10.37,38.4,7.9,1,27,4.22
PRD-0938,4016,628.0,25.21,30.1,7.7,14,28,3.77
PRD-0879,2818,817.0,23.02,33.5,3.1,16,28,4.01
PRD-0474,193,7167.0,13.83,36.9,6.4,2,20,4.45
PRD-0163,1668,341.0,5.69,20.2,4.4,3,8,4.03
PRD-0200,1951,317.0,6.18,13.6,5.7,2,8,4.18
PRD-0092,1154,447.0,5.15,17.2,1.7,4,6,4.4
PRD-0418,185,7100.0,13.14,37.6,9.6,1,23,4.68
PRD-0188,1984,588.0,11.67,16.5,1.1,3,4,4.84
PRD-0683,894,892.0,7.98,15.5,15.3,6,13,3.26
PRD-0320,165,5913.0,9.76,37.6,9.6,0,22,4.04
PRD-0637,804,1109.0,8.92,23.0,17.5,8,17,3.5
PRD-0263,151,9181.0,13.86,35.3,10.6,1,27,4.32
PRD-0462,155,5585.0,8.66,37.3,10.5,0,23,3.84
PRD-0345,224,7901.0,17.7,32.4,12.3,3,28,3.93
PRD-0425,196,6491.0,12.72,34.9,7.8,0,19,4.2
PRD-0486,224,7436.0,16.66,39.7,11.9,1,22,4.1
PRD-0141,1888,498.0,9.41,17.7,3.1,3,8,3.82
PRD-0270,182,4531.0,8.25,38.5,10.6,2,31,4.12
PRD-0988,1892,1237.0,23.4,29.8,5.0,15,20,4.29
PRD-0029,2386,386.0,9.22,15.5,1.0,5,11,4.19
PRD-0885,3766,698.0,26.27,30.0,1.9,12,30,4.31
PRD-0685,919,1005.0,9.24,29.7,19.6,9,15,3.36
PRD-0307,202,8263.0,16.69,37.5,11.3,0,25,4.03
PRD-0280,167,5623.0,9.39,39.6,9.3,0,21,4.14
PRD-0058,1311,461.0,6.05,21.5,2.1,4,10,4.38
PRD-0627,699,1209.0,8.45,21.6,20.5,8,13,3.1
PRD-0495,91,5625.0,5.12,38.5,10.3,0,22,4.11
PRD-0562,713,1024.0,7.3,25.5,13.9,9,11,3.21
PRD-0379,128,7257.0,9.29,31.1,9.1,1,23,4.36
PRD-0779,3320,1039.0,34.5,32.4,6.4,9,34,3.87
PRD-0923,3032,699.0,21.2,28.0,8.0,13,31,4.23
PRD-0625,597,924.0,5.51,21.5,16.7,7,18,3.36
PRD-0397,145,5621.0,8.15,33.1,9.9,1,23,4.05
PRD-0377,163,10139.0,16.53,37.7,10.4,2,29,3.85
PRD-0283,148,9303.0,13.77,40.1,8.1,0,24,4.12
PRD-0451,167,5540.0,9.25,37.3,6.9,2,20,4.45
PRD-0212,1712,583.0,9.98,15.0,4.0,3,3,4.34
PRD-0145,1796,462.0,8.29,17.9,2.4,3,10,4.36
PRD-0604,679,1409.0,9.57,28.1,15.3,5,16,3.28
PRD-0349,176,6178.0,10.87,40.8,8.1,0,22,3.99
PRD-0584,753,1170.0,8.81,20.4,16.5,10,14,3.15
PRD-0450,179,7952.0,14.23,40.1,9.4,2,21,4.27
PRD-0049,1642,335.0,5.5,20.1,0.2,3,9,4.21
PRD-0268,162,7493.0,12.14,41.0,6.6,3,19,4.21
PRD-0189,1658,346.0,5.73,12.2,3.5,1,7,4.18
PRD-0079,1754,491.0,8.61,16.6,2.5,5,10,4.39
PRD-0282,164,6825.0,11.19,37.0,7.1,2,20,3.98
PRD-0057,1777,432.0,7.68,20.8,1.9,2,5,4.51
PRD-0622,635,1452.0,9.22,22.3,16.7,6,14,3.33
PRD-0485,111,8838.0,9.81,37.0,7.8,1,32,3.93
PRD-0380,167,6131.0,10.24,35.6,13.1,0,21,3.86
PRD-0044,1787,424.0,7.58,20.0,3.1,3,9,4.29
PRD-0094,1628,482.0,7.85,12.6,5.0,4,11,4.33
PRD-0927,2369,1200.0,28.43,26.4,0.9,12,30,4.21
PRD-0910,3753,1041.0,39.06,29.4,4.7,10,31,4.08
PRD-0175,2180,438.0,9.55,18.2,1.2,2,11,4.19
PRD-0525,657,1132.0,7.44,23.6,18.7,5,11,2.94
PRD-0828,3541,795.0,28.14,33.4,0.5,7,32,3.96
PRD-0182,1059,594.0,6.29,18.8,3.8,4,12,4.28
PRD-0523,703,1291.0,9.08,22.8,19.4,5,13,3.16
PRD-0199,1783,367.0,6.54,20.3,2.4,3,9,4.28
PRD-0524,785,1294.0,10.15,28.6,17.8,6,11,3.1
PRD-0765,2057,864.0,17.77,34.6,6.1,6,33,4.0
PRD-0973,2430,871.0,21.17,33.0,3.1,15,34,4.23
PRD-0305,159,6066.0,9.65,34.0,11.8,0,24,4.33
PRD-0222,1503,420.0,6.32,21.8,0.2,1,9,4.48
PRD-0315,197,5140.0,10.13,40.1,8.9,2,27,4.05
PRD-0468,140,9471.0,13.26,32.7,4.3,2,24,4.24
PRD-0133,1463,591.0,8.65,18.6,4.8,5,13,4.35
PRD-0673,1037,1116.0,11.57,21.1,17.7,8,12,3.3
PRD-0235,1516,406.0,6.15,15.1,1.0,1,7,4.41
PRD-0201,2001,387.0,7.75,19.3,6.5,3,4,4.37
PRD-0701,535,1590.0,8.51,22.0,15.3,8,10,3.54
PRD-0296,140,6605.0,9.25,37.8,10.3,3,21,4.35
PRD-0717,896,1220.0,10.93,24.7,16.0,10,18,3.22
PRD-0648,573,1051.0,6.02,28.2,15.9,6,17,3.2
PRD-0447,153,7980.0,12.21,41.9,11.1,0,26,4.2
PRD-0784,2467,1152.0,28.41,38.8,4.8,9,32,3.91
PRD-0177,2459,448.0,11.02,18.7,2.4,5,14,4.32
PRD-0972,3491,936.0,32.68,26.5,5.3,13,28,4.11
PRD-0298,185,5711.0,10.57,37.1,9.2,2,21,4.03
PRD-0484,173,5954.0,10.3,40.7,9.7,2,28,3.93
PRD-0110,2168,471.0,10.22,24.6,4.5,3,12,4.22
PRD-0034,1540,462.0,7.11,18.4,2.6,2,4,4.34
PRD-0818,2242,849.0,19.04,28.9,4.6,12,32,4.14
PRD-0605,664,1367.0,9.08,25.1,17.3,9,15,3.19
PRD-0743,1207,1295.0,15.63,20.8,16.0,2,11,3.13
PRD-0565,895,947.0,8.48,28.4,17.0,6,13,3.26
PRD-0181,1685,335.0,5.65,19.1,0.2,0,3,4.57
PRD-0324,141,6683.0,9.42,33.1,6.3,0,21,4.26
PRD-0318,112,4905.0,5.49,44.3,7.3,0,32,4.4
PRD-0543,757,1118.0,8.46,27.5,18.0,4,16,3.66
PRD-0138,2095,372.0,7.79,22.3,8.7,1,11,4.65
PRD-0233,1683,385.0,6.47,15.3,1.1,2,4,4.2
PRD-0027,1359,395.0,5.36,18.1,4.8,5,12,4.45
PRD-0846,2479,1102.0,27.32,35.1,6.6,7,33,4.12
PRD-0511,506,1463.0,7.41,19.4,19.4,9,13,3.04
PRD-0492,132,7725.0,10.2,36.2,11.0,3,24,4.35
PRD-0302,191,5534.0,10.57,37.2,8.0,2,28,4.19
PRD-0855,3444,805.0,27.74,26.4,4.8,12,30,4.2
PRD-0577,755,986.0,7.45,24.0,20.1,7,19,3.4
PRD-0281,178,6113.0,10.88,33.6,5.6,0,25,4.34
PRD-0439,160,6905.0,11.05,36.4,8.9,0,27,3.93
PRD-0696,881,824.0,7.26,24.1,14.4,4,10,3.37
PRD-0219,2221,385.0,8.55,20.5,0.2,0,9,4.25
PRD-0396,208,9201.0,19.14,42.2,9.9,3,23,3.87
PRD-0105,2404,307.0,7.39,24.1,2.4,3,7,4.7
PRD-0107,1471,596.0,8.76,14.0,3.7,4,12,4.7
PRD-0980,3054,1085.0,33.12,33.2,4.3,12,29,3.94
PRD-0146,2072,313.0,6.49,13.9,3.1,2,10,4.38
PRD-0361,149,6941.0,10.34,40.4,10.3,0,24,4.45
PRD-0022,1949,508.0,9.9,16.0,4.4,1,4,4.14
PRD-0463,161,6446.0,10.38,38.9,10.0,0,21,3.88
PRD-0965,2904,920.0,26.71,33.3,3.3,9,29,4.19
PRD-0630,755,1524.0,11.51,22.0,15.6,7,11,3.29
PRD-0471,152,7551.0,11.48,38.5,7.8,1,25,4.55
PRD-0274,159,7850.0,12.48,33.6,9.1,0,23,4.28
PRD-0638,646,1356.0,8.76,19.5,20.9,9,12,3.53
PRD-0727,667,1638.0,10.93,23.5,17.1,2,13,2.93
PRD-0695,843,1241.0,10.46,21.8,17.4,14,18,3.18
PRD-0461,141,7091.0,10.0,35.9,7.1,1,27,4.17
PRD-0956,2876,1215.0,34.95,30.7,4.5,16,29,4.29
PRD-0051,1396,334.0,4.66,19.5,1.0,2,11,4.55
PRD-0004,2333,427.0,9.97,20.6,6.0,4,7,4.69
PRD-0119,1932,418.0,8.07,19.4,2.7,4,8,4.42
PRD-0817,3536,813.0,28.76,29.8,2.8,14,32,4.14
PRD-0171,2133,402.0,8.58,15.6,2.0,4,11,4.54
PRD-0595,646,978.0,6.32,25.1,16.6,14,11,3.32
PRD-0375,134,6921.0,9.27,42.4,10.1,2,25,3.84
PRD-0273,161,5351.0,8.62,33.5,10.2,0,21,4.4
PRD-0711,595,905.0,5.39,30.0,17.0,13,15,3.19
PRD-0826,2351,904.0,21.25,26.8,3.8,12,37,4.06
PRD-0907,2961,1168.0,34.59,29.1,11.3,14,30,3.89
PRD-0220,2438,442.0,10.77,17.8,0.7,1,11,4.73
PRD-0347,163,6160.0,10.04,29.7,7.1,0,25,4.22
PRD-0803,4371,821.0,35.87,34.7,2.5,12,30,3.95
PRD-0121,2242,319.0,7.14,14.0,1.9,1,3,4.74
PRD-0210,2220,473.0,10.5,19.2,2.2,4,8,4.41
PRD-0823,3328,937.0,31.2,30.2,6.8,14,27,4.25
PRD-0970,2512,820.0,20.61,31.0,6.2,12,38,4.12
PRD-0078,2404,549.0,13.2,19.2,4.4,4,7,4.59
PRD-0197,1880,409.0,7.68,20.0,1.6,3,7,4.11
PRD-0337,137,4302.0,5.89,41.1,8.3,0,28,4.14
PRD-0644,708,1241.0,8.79,18.2,15.5,8,10,3.26
PRD-0770,2785,790.0,22.0,31.5,6.8,14,29,3.83
PRD-0203,1622,263.0,4.27,19.6,4.2,2,9,4.31
PRD-0624,899,1340.0,12.05,28.2,17.9,10,14,3.4
PRD-0871,3161,920.0,29.07,33.5,9.3,11,30,4.02
