Field_ID,Soil_pH,Moisture_Percent,Nitrogen_ppm,Phosphorus_ppm,Potassium_ppm,Organic_Carbon_Percent,Previous_Yield_ton_per_ha
FLD-0507,7.71,17.3,50.9,27.1,273.9,0.8,3.58
FLD-0358,6.99,25.8,81.0,54.1,213.7,1.44,6.31
FLD-0134,5.58,34.7,54.2,25.9,160.6,0.51,3.15
FLD-0251,6.43,22.0,73.7,44.6,224.8,1.33,6.74
FLD-0300,6.88,24.3,85.3,53.2,190.5,0.89,6.65
FLD-0681,6.2,47.1,105.4,72.6,201.7,1.85,6.56
FLD-0337,6.64,24.6,69.5,34.9,207.7,1.28,6.47
FLD-0156,5.34,26.5,28.7,27.9,145.0,0.61,3.2
FLD-0529,7.55,15.5,44.5,23.6,244.1,0.45,3.59
FLD-0737,6.16,42.3,108.3,57.7,168.3,1.87,6.76
FLD-0098,5.4,33.6,46.0,31.5,140.6,0.64,2.94
FLD-0307,7.41,25.3,73.2,43.8,188.0,1.39,5.6
FLD-0282,6.63,22.6,85.4,46.6,199.5,1.24,6.73
FLD-0747,6.53,39.3,111.1,65.3,180.9,1.73,7.3
FLD-0212,6.24,22.7,92.6,50.7,215.1,1.24,5.98
FLD-0267,7.05,27.3,81.3,48.9,201.2,1.34,5.6
FLD-0040,6.04,36.0,44.1,19.4,130.0,0.93,3.34
FLD-0248,6.66,23.7,78.8,46.7,179.0,1.13,6.3
FLD-0363,6.6,27.3,72.1,38.3,216.1,1.33,6.06
FLD-0539,8.01,17.4,60.4,35.5,237.1,0.37,4.23
FLD-0458,7.63,14.2,62.3,29.2,264.9,0.69,3.81
FLD-0500,7.82,20.6,52.7,37.0,264.4,0.57,4.33
FLD-0423,7.15,12.7,57.2,31.7,248.3,0.96,3.3
FLD-0320,7.09,21.0,70.6,47.8,203.4,1.06,5.63
FLD-0067,5.0,24.4,32.1,21.2,144.7,1.07,3.81
FLD-0709,6.17,31.2,107.9,57.6,168.1,1.89,7.24
FLD-0249,6.27,23.4,72.4,48.7,198.0,1.49,6.08
FLD-0329,7.37,21.6,74.9,46.2,196.2,1.06,4.28
FLD-0219,6.99,23.5,61.9,51.7,215.0,1.28,6.34
FLD-0221,6.58,26.7,80.9,47.4,229.5,1.18,4.82
FLD-0353,6.45,21.5,75.5,55.9,216.9,1.22,5.55
FLD-0469,8.02,9.2,46.9,28.6,276.4,0.75,3.69
FLD-0454,7.94,19.1,53.3,35.7,213.3,0.77,4.1
FLD-0343,6.4,20.3,75.5,46.9,193.4,1.33,5.55
FLD-0370,6.75,25.5,87.0,48.5,230.4,1.28,6.14
FLD-0079,5.51,27.8,46.7,28.0,156.9,0.82,3.36
FLD-0211,6.68,27.6,78.9,34.4,201.6,1.19,6.95
FLD-0433,7.7,16.0,58.9,22.9,229.9,0.66,3.95
FLD-0082,5.27,32.8,42.5,15.3,148.8,0.77,2.71
FLD-0413,7.75,17.0,57.1,31.8,237.9,0.55,3.55
FLD-0078,5.23,25.6,34.4,25.5,146.8,0.67,3.11
FLD-0678,6.14,37.1,102.1,62.4,178.6,1.75,7.24
FLD-0034,5.28,32.0,50.6,19.6,138.2,0.33,3.11
FLD-0121,5.98,31.1,55.0,23.4,152.4,0.79,4.95
FLD-0689,6.68,37.5,107.6,54.7,171.5,1.66,7.91
FLD-0571,6.23,34.7,100.6,58.9,190.8,1.66,7.66
FLD-0582,6.13,37.7,85.3,61.7,177.2,1.75,7.88
FLD-0498,7.76,14.4,60.1,36.8,268.6,0.77,4.59
FLD-0395,7.96,18.8,47.4,21.3,235.4,0.77,3.7
FLD-0441,7.62,12.5,54.8,27.9,236.5,0.74,3.36
FLD-0011,5.09,27.4,33.6,27.0,152.6,0.84,2.97
FLD-0501,7.68,20.2,58.1,23.9,247.9,0.91,3.9
FLD-0369,6.42,20.9,89.1,56.2,187.2,1.39,5.75
FLD-0325,6.13,22.5,82.3,41.5,216.4,1.38,5.87
FLD-0468,7.52,19.5,50.4,29.9,238.2,0.26,3.38
FLD-0110,5.63,32.1,26.7,24.5,140.0,0.49,4.12
FLD-0543,7.34,15.5,39.7,24.7,260.1,0.6,3.82
FLD-0077,5.32,32.4,28.5,27.8,140.3,0.93,1.88
FLD-0491,7.3,20.5,50.3,31.6,222.0,0.7,3.64
FLD-0055,5.9,29.5,41.9,31.9,121.2,0.49,2.32
FLD-0255,6.34,28.7,85.5,48.6,161.1,1.04,6.18
FLD-0205,6.83,26.4,76.8,42.4,189.4,0.93,5.93
FLD-0717,5.75,43.4,105.8,60.5,163.2,1.69,6.45
FLD-0708,6.39,41.6,96.4,62.5,147.2,1.98,8.24
FLD-0260,6.65,24.5,75.3,52.0,221.8,1.31,5.66
FLD-0228,6.52,19.6,67.7,47.0,191.9,1.29,6.05
FLD-0291,7.02,22.4,84.3,45.6,207.0,1.35,5.55
FLD-0066,5.49,34.4,34.2,26.0,149.5,0.78,2.74
FLD-0429,7.41,23.5,59.6,29.0,267.5,0.73,5.08
FLD-0650,5.88,39.8,103.2,46.8,202.4,1.8,6.65
FLD-0427,7.7,16.8,42.4,28.3,248.8,0.9,4.12
FLD-0440,7.97,20.1,46.1,30.9,213.9,0.38,4.58
FLD-0261,6.06,26.5,88.8,51.9,189.2,1.34,6.27
FLD-0606,6.32,38.7,104.8,62.5,191.5,1.79,6.63
FLD-0741,5.96,37.7,102.5,80.0,160.6,1.82,7.44
FLD-0424,7.74,17.0,47.1,31.2,216.2,0.86,3.63
FLD-0486,7.92,13.1,50.9,19.9,236.1,0.68,4.45
FLD-0073,4.62,29.3,60.4,26.6,139.9,0.8,2.34
FLD-0214,6.64,22.0,70.4,45.9,185.1,1.28,5.17
FLD-0372,6.73,17.9,87.3,44.7,230.4,1.2,5.91
FLD-0240,6.78,23.3,66.1,53.9,211.6,1.09,5.65
FLD-0064,5.54,32.2,51.6,21.9,123.4,0.91,3.02
FLD-0642,5.86,39.4,100.4,73.6,163.7,1.65,6.57
FLD-0600,5.87,42.1,96.3,64.7,150.5,1.41,7.28
FLD-0050,5.57,36.2,24.5,20.5,160.6,0.44,4.01
FLD-0356,6.62,24.3,85.8,56.3,205.0,1.37,5.41
FLD-0710,6.01,35.9,104.0,60.5,160.0,1.72,7.29
FLD-0495,7.69,18.5,53.8,22.5,221.3,0.36,4.27
FLD-0669,6.26,40.6,95.5,56.4,209.1,1.8,6.76
FLD-0008,5.47,31.9,46.1,15.3,144.2,0.64,2.85
FLD-0552,7.75,14.7,56.2,23.7,257.9,0.4,4.9
FLD-0024,5.25,37.8,34.4,29.0,133.7,0.89,3.41
FLD-0631,6.55,37.6,109.0,58.5,177.0,1.62,7.78
FLD-0746,5.95,35.5,112.6,68.3,190.8,1.95,6.01
FLD-0102,5.61,30.3,46.2,23.9,162.6,0.53,3.19
FLD-0334,6.22,24.8,78.7,45.1,206.5,1.72,6.26
FLD-0494,7.95,22.2,58.8,39.8,229.8,0.65,3.48
FLD-0287,6.77,24.8,67.8,54.7,203.3,1.02,6.45
FLD-0119,5.46,30.6,50.7,8.0,157.1,1.0,2.58
FLD-0175,5.12,35.2,40.6,31.7,157.4,0.86,2.7
FLD-0087,5.81,29.0,35.9,27.2,163.7,0.8,2.27
FLD-0704,6.38,38.6,92.5,54.5,200.2,2.0,7.28
FLD-0003,5.58,28.3,44.0,18.2,165.8,0.71,3.1
FLD-0728,6.72,39.0,106.8,55.0,180.0,1.87,6.96
FLD-0159,5.07,28.5,51.4,29.0,176.8,0.67,2.57
FLD-0031,5.71,26.8,41.2,21.1,144.1,0.9,3.5
FLD-0623,5.86,35.6,109.8,60.8,171.9,2.13,7.29
FLD-0697,5.77,34.2,94.7,60.3,196.9,1.88,7.39
FLD-0447,7.94,17.7,54.9,34.3,244.2,0.68,3.6
FLD-0165,5.74,34.3,42.5,29.8,154.9,0.62,3.58
FLD-0656,6.28,39.6,115.0,52.8,171.7,1.93,7.95
FLD-0514,8.13,21.8,56.6,28.7,289.9,0.53,3.69
FLD-0182,6.84,26.1,83.7,57.2,231.1,1.15,6.01
FLD-0573,6.55,37.0,100.5,65.8,164.9,1.99,7.3
FLD-0406,7.72,17.8,54.8,38.2,246.4,0.58,4.6
FLD-0621,5.58,41.6,102.4,60.1,169.9,1.84,6.61
FLD-0605,5.96,40.9,112.3,67.2,162.7,2.03,7.78
FLD-0301,6.72,18.5,73.3,52.6,200.0,1.13,6.57
FLD-0683,6.08,40.3,96.2,55.2,178.7,1.79,6.91
FLD-0085,5.52,36.2,31.2,25.5,182.8,0.42,2.5
FLD-0405,7.28,24.0,45.7,36.9,262.5,0.43,4.27
FLD-0080,6.02,30.7,38.5,19.5,131.4,0.5,2.71
FLD-0619,6.44,39.5,107.5,52.4,213.1,1.57,7.94
FLD-0303,6.79,23.2,79.5,48.6,208.9,1.36,6.11
FLD-0651,6.43,35.8,97.5,65.2,212.1,2.07,7.3
FLD-0197,6.76,18.9,78.8,50.2,215.0,1.25,5.96
FLD-0032,5.82,30.5,35.4,22.7,154.4,0.75,2.6
FLD-0583,5.81,35.4,82.1,60.1,172.9,1.69,7.71
FLD-0266,6.46,23.5,87.3,50.4,179.9,1.34,5.2
FLD-0674,5.99,41.6,95.9,59.5,209.5,1.94,6.9
FLD-0235,6.65,23.3,67.2,51.0,161.5,1.34,4.98
FLD-0056,5.23,32.4,45.2,25.7,124.6,0.3,3.23
FLD-0213,6.87,21.4,86.0,39.8,210.9,1.25,5.46
FLD-0336,6.38,23.4,73.5,57.0,218.5,1.34,6.14
FLD-0519,7.76,13.0,62.8,34.8,258.1,0.82,3.64
FLD-0362,6.55,27.5,74.7,54.9,214.8,1.26,5.88
FLD-0216,6.79,17.3,78.7,60.0,207.4,1.23,6.1
FLD-0330,6.53,25.2,75.1,59.6,205.2,1.45,5.94
FLD-0061,5.48,28.3,36.2,15.1,134.0,0.66,3.64
FLD-0738,5.56,37.8,91.2,72.7,183.2,1.62,6.72
FLD-0382,6.57,23.9,73.8,52.1,230.8,1.14,6.07
FLD-0166,5.48,31.0,52.8,9.3,124.5,0.51,3.0
FLD-0645,5.89,39.9,100.9,62.0,202.9,1.65,7.15
FLD-0432,8.05,17.2,36.6,23.6,272.0,0.68,3.58
FLD-0149,5.73,29.2,47.4,28.1,132.8,0.9,3.58
FLD-0463,7.61,17.7,61.8,35.4,261.4,0.4,4.61
FLD-0091,5.9,39.2,37.8,12.4,144.4,0.67,3.1
FLD-0394,7.64,10.8,53.9,37.5,223.4,0.72,4.18
FLD-0686,5.9,39.1,109.8,60.3,172.3,1.78,7.4
FLD-0070,5.61,30.8,39.6,19.3,157.7,0.57,3.57
FLD-0596,6.24,34.4,94.8,62.4,189.1,1.97,7.43
FLD-0132,5.6,35.4,26.0,22.1,134.4,0.74,2.89
FLD-0045,5.61,36.5,50.4,26.6,181.4,0.8,3.66
FLD-0071,5.75,32.2,38.7,26.7,144.4,0.89,2.19
FLD-0673,6.35,39.8,106.4,60.9,165.5,1.88,7.33
FLD-0209,7.29,24.3,93.3,50.1,222.3,1.09,5.33
FLD-0345,5.99,22.3,71.8,57.5,174.3,0.96,6.41
FLD-0624,6.24,36.8,98.2,49.9,197.4,1.86,7.0
FLD-0136,5.35,32.1,17.6,26.3,90.0,0.41,3.45
FLD-0482,7.67,17.0,54.0,29.5,217.3,0.34,3.68
FLD-0029,5.63,29.7,41.0,23.0,156.1,0.97,3.25
FLD-0465,7.99,16.6,62.2,30.7,219.7,0.78,3.8
FLD-0399,7.75,15.8,48.4,28.3,271.6,0.59,3.57
FLD-0630,6.58,37.7,113.2,59.8,184.4,1.77,6.17
FLD-0137,5.58,27.3,35.3,32.2,141.3,1.12,3.2
FLD-0496,8.33,20.4,37.8,39.5,261.9,0.33,3.83
FLD-0007,5.26,31.7,41.9,25.3,165.7,0.76,3.57
FLD-0612,6.08,36.8,95.3,71.5,134.3,1.92,6.84
FLD-0074,5.37,31.3,40.3,28.7,156.2,0.84,2.82
FLD-0199,7.0,20.5,81.7,42.5,192.9,1.49,5.5
FLD-0200,6.78,18.0,93.9,51.6,201.7,1.32,5.02
FLD-0146,5.16,31.2,38.8,22.0,161.2,0.78,3.37
FLD-0324,6.43,24.4,77.4,50.9,219.2,1.33,5.68
FLD-0745,6.04,33.7,106.0,67.4,170.1,1.7,7.4
FLD-0133,5.4,37.0,39.6,26.5,145.8,0.73,3.2
FLD-0327,6.96,24.9,82.7,50.2,217.6,1.63,6.33
FLD-0616,6.15,38.8,119.7,65.0,137.2,1.84,7.12
FLD-0702,5.88,36.4,102.2,58.3,189.0,1.84,6.5
FLD-0042,5.46,30.1,40.2,22.5,152.7,0.98,1.79
FLD-0109,5.19,33.7,46.1,26.7,172.5,0.83,3.61
FLD-0533,7.72,20.4,54.8,34.8,250.1,0.65,3.6
FLD-0057,5.32,32.5,46.6,24.8,163.7,0.76,3.49
FLD-0193,6.36,31.4,81.6,43.6,221.5,1.2,5.66
FLD-0584,6.39,38.2,100.0,69.2,179.6,1.63,6.16
FLD-0357,6.86,21.6,87.7,61.3,202.8,0.83,5.5
FLD-0602,6.4,41.6,100.3,63.2,185.4,1.88,7.03
FLD-0378,6.49,25.9,78.3,42.2,187.8,1.48,5.71
FLD-0025,5.41,30.9,35.8,26.7,141.8,0.5,2.5
FLD-0558,7.84,18.1,58.3,21.9,240.8,0.32,5.35
FLD-0481,7.73,8.8,54.7,25.4,253.7,0.38,4.02
FLD-0452,7.68,11.3,47.4,30.7,254.8,0.71,4.37
FLD-0333,5.98,25.7,61.2,56.8,208.1,1.4,5.3
FLD-0731,6.1,37.2,103.1,67.8,209.6,1.89,7.54
FLD-0111,5.93,35.3,43.0,32.1,150.2,0.76,2.6
FLD-0083,5.5,26.3,51.7,31.5,145.5,0.79,1.87
FLD-0052,5.53,28.2,39.8,23.1,156.9,0.9,2.62
FLD-0421,8.21,20.0,53.2,29.2,242.6,0.65,4.88
FLD-0603,6.12,42.4,112.7,65.9,210.9,1.71,7.99
FLD-0523,7.92,17.1,51.1,42.5,228.7,0.61,4.01
FLD-0598,5.93,41.9,103.6,54.5,222.4,1.77,7.31
FLD-0627,6.28,35.8,108.8,60.7,174.9,1.89,6.2
FLD-0391,7.42,11.8,66.8,28.2,244.5,0.54,3.48
FLD-0140,5.62,27.8,32.7,30.6,142.6,0.46,3.44
FLD-0668,5.93,29.8,99.4,66.3,182.7,1.83,7.83
FLD-0437,7.5,15.8,49.4,24.2,237.0,0.52,3.63
FLD-0019,5.86,27.2,35.9,18.4,143.0,0.47,3.55
FLD-0632,6.24,39.2,113.9,69.9,193.8,1.52,6.72
FLD-0141,5.58,26.1,42.8,28.4,156.7,0.83,2.43
FLD-0347,7.08,22.6,79.8,54.8,242.9,1.12,5.79
FLD-0508,7.91,13.6,43.5,37.2,214.3,0.78,3.86
FLD-0084,5.13,30.1,32.4,28.3,186.0,0.51,2.74
FLD-0062,5.93,26.6,44.1,17.8,158.5,0.7,2.19
FLD-0622,5.52,39.3,107.2,61.8,159.3,1.8,6.29
FLD-0446,7.96,13.9,51.8,26.1,222.5,0.67,4.1
FLD-0030,5.63,24.4,40.6,18.9,128.1,0.56,3.02
FLD-0532,7.87,17.5,55.2,31.3,257.5,0.78,4.5
FLD-0232,6.15,25.0,72.9,51.5,205.8,1.36,6.45
FLD-0351,6.5,22.7,83.3,43.0,197.6,1.24,6.35
FLD-0293,6.26,20.8,84.3,51.0,206.8,1.02,6.22
FLD-0732,6.09,35.7,108.2,64.0,154.4,1.72,7.05
FLD-0183,6.48,24.1,74.2,57.7,211.5,1.18,6.46
FLD-0570,5.77,35.4,98.0,56.3,187.9,2.0,6.6
FLD-0265,6.54,26.1,73.9,49.4,199.6,1.34,6.06
FLD-0749,5.9,39.1,97.1,61.9,195.3,1.65,7.53
FLD-0224,6.69,21.4,69.8,42.4,193.6,1.01,5.89
FLD-0383,6.58,25.2,91.5,51.1,173.1,1.3,6.48
FLD-0408,8.02,15.5,64.4,39.2,249.4,0.46,4.87
FLD-0236,6.66,23.6,88.4,46.9,192.5,1.13,6.5
FLD-0457,7.77,12.2,52.1,37.4,221.6,0.57,4.56
FLD-0210,6.78,27.2,79.3,40.3,180.5,0.96,4.83
FLD-0389,6.68,24.5,87.3,41.5,208.2,1.45,4.85
FLD-0430,7.32,15.2,49.3,19.2,264.1,0.56,4.41
FLD-0177,5.12,31.3,43.6,19.2,150.5,0.82,3.54
FLD-0688,6.13,38.2,99.9,62.9,179.3,1.81,5.8
FLD-0315,6.59,21.4,74.7,46.9,206.6,1.33,6.39
FLD-0276,6.32,22.1,70.9,53.2,218.2,0.91,5.58
FLD-0549,7.91,15.6,50.5,30.0,220.1,0.59,4.16
FLD-0361,6.59,29.7,77.3,37.2,239.1,1.34,5.76
FLD-0138,5.56,36.2,42.0,18.0,148.0,0.71,2.45
FLD-0608,6.56,37.1,99.5,65.9,146.9,1.64,7.64
FLD-0703,6.49,38.3,89.2,62.7,185.1,1.96,6.91
FLD-0665,6.2,37.2,95.4,69.0,187.7,1.7,7.18
FLD-0164,4.8,24.6,36.7,24.1,162.4,0.81,2.99
FLD-0339,6.96,22.8,71.9,52.7,185.2,1.18,5.74
FLD-0660,5.96,36.2,116.3,46.1,162.0,2.27,7.42
FLD-0075,5.7,36.2,33.2,18.7,174.0,0.69,3.97
FLD-0332,6.76,31.2,76.8,50.5,227.6,1.43,5.81
FLD-0587,5.93,43.9,100.2,67.7,136.5,2.01,7.91
FLD-0245,6.94,23.5,74.4,34.3,216.5,1.2,5.24
FLD-0328,6.21,25.4,88.1,55.2,197.3,1.43,6.31
FLD-0352,6.48,18.1,63.7,40.4,181.4,1.19,5.15
FLD-0483,7.75,14.1,58.0,29.3,227.6,0.56,4.12
FLD-0105,5.13,27.4,44.6,24.3,159.9,0.69,3.35
FLD-0115,5.74,31.1,34.2,17.5,156.2,0.79,3.91
FLD-0675,6.23,38.5,81.0,57.6,179.1,1.72,7.24
FLD-0295,6.48,20.5,67.4,58.3,209.9,1.29,5.63
FLD-0590,6.25,40.4,102.3,69.1,174.5,1.74,6.56
FLD-0093,5.36,30.5,45.9,13.6,153.0,0.65,4.22
FLD-0090,5.28,32.5,36.7,21.5,174.5,0.53,1.87
FLD-0592,6.21,34.8,105.4,62.1,242.2,1.83,6.89
FLD-0449,8.1,19.4,57.3,42.8,241.6,1.16,3.87
FLD-0696,6.17,35.1,100.3,75.9,181.7,1.57,7.2
FLD-0426,7.84,13.5,52.0,27.3,286.4,0.59,4.85
FLD-0431,8.41,14.9,49.6,31.7,262.8,0.51,3.65
FLD-0012,5.49,33.0,38.5,26.7,138.1,0.65,2.99
FLD-0044,5.02,33.8,38.4,23.6,131.0,0.66,3.92
FLD-0043,5.38,31.6,43.4,21.8,118.4,0.78,4.15
FLD-0168,5.35,27.3,25.7,23.3,132.0,0.7,2.32
FLD-0658,6.68,40.4,103.4,62.7,190.0,1.76,7.2
FLD-0576,5.88,35.9,108.1,62.0,183.5,1.56,6.85
FLD-0589,6.47,41.1,97.3,58.6,168.4,1.91,6.55
FLD-0179,5.33,25.2,39.6,14.6,167.4,0.99,2.76
FLD-0479,7.82,16.6,57.3,25.5,246.2,0.69,4.45
FLD-0579,6.1,36.2,101.6,63.4,196.0,1.76,7.32
FLD-0178,5.88,35.1,33.0,34.1,140.4,0.91,3.24
FLD-0517,7.59,14.5,38.2,36.2,266.4,0.48,4.19
FLD-0524,7.86,14.6,55.5,30.0,216.5,0.61,3.39
FLD-0258,6.53,23.9,82.5,46.2,197.6,1.24,4.74
FLD-0312,6.79,25.9,76.0,60.7,209.2,0.88,5.25
FLD-0412,7.6,13.3,56.2,32.8,261.1,0.75,4.63
FLD-0016,5.39,28.0,38.3,29.0,118.9,0.8,3.33
FLD-0450,7.82,14.7,56.0,36.0,242.9,0.93,4.13
FLD-0257,6.73,23.0,64.2,46.0,199.1,1.19,5.49
FLD-0534,7.95,25.1,50.0,31.4,237.0,0.52,4.85
FLD-0341,6.57,26.5,66.7,44.9,217.3,1.11,4.92
FLD-0292,6.93,20.8,81.4,53.5,216.9,1.56,5.38
FLD-0418,8.01,13.7,54.8,23.4,233.4,0.49,4.49
FLD-0364,6.76,23.0,85.3,47.7,196.2,1.16,6.91
FLD-0297,6.1,23.2,79.5,40.3,204.4,1.23,4.61
FLD-0400,7.61,19.5,58.4,34.4,240.4,0.71,3.65
FLD-0010,5.61,33.3,47.3,21.9,141.7,0.87,3.09
FLD-0250,6.28,26.1,72.8,44.5,210.6,1.13,6.29
FLD-0023,5.43,36.7,42.0,29.9,141.0,0.51,2.67
FLD-0222,6.43,25.8,82.2,38.6,192.0,1.12,5.6
FLD-0620,6.44,39.8,96.2,63.9,171.5,1.79,6.96
FLD-0644,6.45,33.8,109.4,58.8,208.8,1.91,6.55
FLD-0735,5.99,39.5,101.5,45.8,171.3,1.97,6.18
FLD-0538,7.25,14.6,59.1,32.8,255.6,0.6,4.64
FLD-0628,6.6,38.6,113.2,56.5,163.4,1.57,7.24
FLD-0204,6.59,25.2,90.2,49.1,188.6,1.37,6.31
FLD-0471,7.69,16.9,49.0,34.3,234.5,0.72,4.24
FLD-0094,5.4,36.3,32.2,27.5,155.7,0.56,3.3
FLD-0434,7.91,12.1,55.9,37.5,253.8,0.64,3.95
FLD-0368,6.78,31.3,84.1,56.8,208.3,1.21,6.01
FLD-0444,7.6,18.5,61.4,30.6,245.8,0.75,4.07
FLD-0285,6.42,19.6,82.1,51.3,209.2,1.39,5.85
FLD-0185,7.21,26.6,80.4,45.4,197.9,0.84,5.94
FLD-0607,5.86,35.6,104.8,62.8,183.9,1.87,6.75
FLD-0530,7.53,17.7,51.1,29.9,255.7,0.58,3.85
FLD-0154,5.14,30.3,28.3,18.5,154.1,0.96,4.75
FLD-0076,5.33,35.7,42.1,25.5,178.2,0.65,2.68
FLD-0396,7.56,10.2,67.0,36.0,258.9,0.78,4.32
FLD-0278,6.43,19.9,79.8,40.6,165.8,1.15,4.81
FLD-0069,5.75,27.3,41.1,39.6,154.0,0.98,3.25
FLD-0690,5.99,40.4,97.8,60.3,175.6,2.01,6.06
FLD-0189,6.59,25.2,67.1,55.1,191.3,1.12,5.79
FLD-0272,6.78,22.6,70.4,44.7,224.3,1.33,5.73
FLD-0237,6.8,22.8,77.1,38.6,212.0,0.9,6.21
FLD-0089,5.65,31.8,36.1,32.7,142.1,0.73,3.35
FLD-0637,5.77,39.3,107.7,77.8,168.8,1.73,6.78
FLD-0118,5.13,29.5,52.5,17.0,111.9,0.38,3.22
FLD-0126,4.9,31.0,39.2,23.4,149.5,0.76,3.72
FLD-0617,6.16,38.8,102.8,62.7,191.0,1.68,6.58
FLD-0290,6.63,19.7,67.2,51.4,158.2,1.26,5.54
FLD-0239,6.71,24.0,81.3,43.8,203.4,0.93,5.87
FLD-0001,5.54,27.7,47.0,29.6,114.9,0.49,3.27
FLD-0742,6.15,38.4,94.6,63.6,189.2,1.84,7.41
FLD-0335,6.94,26.7,90.8,46.9,168.0,1.19,6.25
FLD-0655,6.02,40.4,100.2,67.8,182.7,2.01,6.94
FLD-0743,6.55,41.0,103.6,56.0,169.2,1.74,7.24
FLD-0279,6.44,21.1,72.0,60.0,206.0,1.26,4.82
FLD-0586,5.66,39.8,109.5,65.6,176.0,1.88,7.19
FLD-0117,5.52,29.4,36.0,25.9,142.8,0.76,3.35
FLD-0229,6.74,24.8,91.6,41.6,204.0,1.42,6.5
FLD-0588,6.16,39.8,107.5,59.1,189.8,1.63,6.77
FLD-0381,6.37,21.8,76.2,39.4,197.4,1.24,5.58
FLD-0275,6.56,19.3,70.3,54.2,170.4,1.42,5.77
FLD-0319,6.69,25.9,96.5,49.7,213.7,1.03,5.09
FLD-0515,7.25,20.5,60.7,45.5,220.0,0.87,4.04
FLD-0145,5.66,32.2,31.1,32.7,141.0,0.42,2.63
FLD-0451,7.83,13.1,56.3,30.2,234.1,0.47,5.47
FLD-0714,6.13,36.2,97.6,65.6,199.4,1.72,7.53
FLD-0679,6.36,34.1,94.6,52.5,195.6,1.83,7.38
FLD-0548,7.43,12.9,70.1,29.9,231.1,0.87,4.15
FLD-0269,6.85,29.8,90.4,38.2,218.0,1.48,5.55
FLD-0531,7.88,18.1,51.8,31.5,230.9,0.46,4.42
FLD-0308,6.69,23.8,84.9,42.9,185.6,1.26,6.13
FLD-0311,6.41,20.6,76.6,40.7,211.0,1.23,6.06
FLD-0047,5.78,33.4,55.6,28.4,121.7,0.71,2.56
FLD-0350,6.86,26.6,99.8,45.7,196.8,1.36,6.25
FLD-0262,7.09,21.2,77.2,52.5,206.0,1.02,6.03
FLD-0196,6.76,20.4,89.6,55.5,222.3,0.95,6.26
FLD-0750,6.38,41.4,104.1,80.0,199.0,1.84,6.62
FLD-0629,6.17,36.5,94.9,55.4,179.1,1.7,6.72
FLD-0108,5.2,31.0,38.6,17.9,186.9,1.04,3.82
FLD-0060,5.66,30.1,42.6,30.5,173.9,0.71,3.94
FLD-0684,6.49,35.3,105.5,63.4,152.0,1.54,7.11
FLD-0694,6.09,44.5,88.9,61.6,201.8,1.52,6.75
FLD-0101,5.76,30.2,32.8,23.7,168.9,0.54,2.7
FLD-0417,7.75,8.8,55.9,42.7,273.4,0.94,3.44
FLD-0672,6.12,41.5,103.1,67.8,171.2,1.45,7.25
FLD-0546,7.55,15.8,54.5,40.4,239.6,0.78,4.68
FLD-0397,7.68,15.5,49.6,46.8,255.0,0.53,4.26
FLD-0180,5.53,28.7,36.0,28.6,149.3,1.03,2.93
FLD-0305,6.77,27.4,79.8,62.0,198.2,1.28,5.36
FLD-0376,6.61,28.3,90.7,43.1,204.2,1.24,5.26
FLD-0425,8.32,15.9,61.2,30.7,244.4,0.5,4.07
FLD-0722,5.86,38.0,111.2,65.5,182.7,1.98,6.7
FLD-0150,5.48,28.6,34.1,20.8,159.8,0.55,3.44
FLD-0125,5.29,30.9,43.2,18.0,163.0,0.73,2.16
FLD-0595,6.44,39.5,92.3,55.0,189.6,1.54,6.98
FLD-0652,6.28,40.5,92.9,66.9,166.8,1.84,6.97
FLD-0186,6.89,19.0,73.7,41.1,187.6,1.23,4.65
FLD-0707,6.08,35.6,101.7,74.3,204.9,1.84,7.09
FLD-0466,7.85,13.9,66.2,25.7,238.9,0.63,3.4
FLD-0409,7.73,16.4,50.3,25.7,218.6,0.72,3.57
FLD-0740,5.88,44.6,101.5,75.7,205.1,1.47,6.73
FLD-0410,8.5,12.5,42.9,34.1,272.5,0.62,4.31
FLD-0322,6.44,23.8,88.3,41.8,203.5,1.34,4.49
FLD-0354,6.53,25.0,83.7,42.6,205.7,0.85,5.92
FLD-0692,5.86,41.8,106.2,64.1,161.9,1.5,6.47
FLD-0143,5.42,32.1,47.1,24.7,152.4,0.87,3.17
FLD-0718,6.4,35.5,111.7,60.6,161.2,1.7,5.66
FLD-0142,5.54,30.0,37.1,29.2,176.6,1.04,3.92
FLD-0545,7.72,17.3,55.1,29.2,235.5,0.57,4.63
FLD-0321,6.99,21.4,67.9,53.7,213.9,1.11,4.93
FLD-0020,5.39,26.3,32.9,25.9,165.1,1.08,4.8
FLD-0173,5.27,28.8,35.3,18.7,191.1,0.77,3.69
FLD-0611,5.79,34.5,106.2,74.1,187.1,1.71,7.52
FLD-0313,6.16,24.1,78.0,45.2,241.2,1.32,6.2
FLD-0698,5.84,36.3,105.2,59.2,175.0,1.86,6.91
FLD-0013,5.12,32.6,37.2,24.1,158.7,0.8,3.57
FLD-0306,6.55,24.8,85.8,49.9,227.7,1.2,5.62
FLD-0355,6.86,23.1,93.5,42.7,208.9,1.21,5.74
FLD-0026,5.5,36.1,42.3,23.3,155.1,0.96,3.32
FLD-0560,7.38,8.8,51.0,29.1,233.3,0.65,4.22
FLD-0170,5.63,31.0,30.0,22.1,156.6,0.83,3.12
FLD-0039,5.49,32.1,41.4,24.0,137.0,0.78,3.15
FLD-0478,7.29,14.9,59.1,41.1,259.1,0.35,3.87
FLD-0246,6.69,22.1,74.8,51.6,180.9,1.41,5.03
FLD-0299,6.62,22.5,74.0,50.8,208.5,1.33,5.87
FLD-0625,6.11,40.4,90.6,59.5,159.5,2.1,7.58
FLD-0512,7.8,17.8,42.3,34.9,282.0,0.62,3.97
FLD-0273,6.82,20.3,79.3,48.9,196.5,1.3,5.37
FLD-0604,6.3,48.0,93.5,58.9,187.5,1.85,8.17
FLD-0155,5.29,35.6,43.0,23.1,157.8,0.73,3.26
FLD-0127,5.14,27.2,32.3,25.7,172.4,0.64,1.82
FLD-0535,7.56,14.5,40.3,26.5,214.2,0.72,5.54
FLD-0342,6.84,27.6,78.6,36.2,217.7,0.92,5.97
FLD-0288,6.83,20.0,93.2,52.0,204.8,1.51,5.89
FLD-0114,5.1,32.6,44.1,13.3,147.8,0.9,3.78
FLD-0435,7.52,15.8,63.1,30.3,229.0,0.52,4.11
FLD-0174,5.31,30.4,35.3,8.1,125.2,0.39,1.96
FLD-0360,6.88,24.4,74.3,48.1,230.8,1.32,4.86
FLD-0513,7.84,22.5,44.8,32.2,230.6,0.51,3.97
FLD-0058,5.25,30.4,42.6,28.9,142.9,0.81,3.05
FLD-0516,7.98,10.7,64.7,35.7,244.3,0.73,3.58
FLD-0223,6.26,22.0,73.2,52.6,219.6,1.19,5.58
FLD-0281,6.7,22.0,76.8,46.6,191.8,1.31,5.93
FLD-0018,5.38,27.7,42.4,25.3,174.5,0.87,3.4
FLD-0480,7.52,14.9,31.4,27.3,235.6,0.43,4.09
FLD-0323,6.94,20.2,81.7,49.5,224.5,1.32,4.49
FLD-0256,6.99,27.5,66.3,49.8,223.3,0.92,5.8
FLD-0729,6.45,45.4,95.4,56.9,164.2,2.07,7.67
FLD-0719,6.12,37.5,109.6,51.7,200.9,1.93,7.79
FLD-0720,6.14,41.2,91.2,67.3,166.1,1.48,6.48
FLD-0191,6.12,20.6,86.0,49.6,212.4,1.55,6.06
FLD-0116,5.76,30.6,31.0,22.1,153.9,0.68,2.88
FLD-0734,6.15,38.0,92.1,59.8,174.2,1.85,7.35
FLD-0559,7.3,12.6,44.7,22.0,269.3,1.05,3.74
FLD-0095,5.79,30.0,27.5,23.9,133.8,0.66,3.16
FLD-0181,6.93,24.3,85.4,45.3,204.1,1.2,5.34
FLD-0302,6.36,21.4,80.7,50.3,213.9,1.38,5.91
FLD-0504,7.76,15.0,40.3,25.5,273.2,0.68,3.27
FLD-0553,7.27,12.5,56.3,41.0,250.7,0.71,4.01
FLD-0610,6.39,35.9,99.2,58.2,186.2,1.99,7.0
FLD-0522,7.64,20.4,53.4,39.6,249.6,0.76,4.4
FLD-0663,6.24,34.2,77.9,56.7,171.5,1.67,7.94
FLD-0599,6.26,36.8,97.2,75.7,198.1,1.93,7.42
FLD-0006,5.77,30.6,34.3,19.1,161.7,0.85,3.5
FLD-0736,6.18,43.1,96.9,63.0,156.5,2.07,7.05
FLD-0046,5.37,31.2,35.4,29.9,128.8,0.86,3.1
FLD-0474,7.93,15.4,54.1,37.5,260.5,0.58,3.63
FLD-0568,5.86,33.0,104.8,64.4,210.6,1.66,7.26
FLD-0172,5.19,35.8,32.5,16.1,141.2,0.8,3.14
FLD-0017,5.28,26.4,41.6,20.8,154.2,0.72,4.08
FLD-0049,5.26,32.0,50.2,27.7,108.8,0.77,3.24
FLD-0726,6.16,39.3,103.6,68.1,167.7,1.6,6.75
FLD-0711,6.1,33.5,110.9,46.6,172.0,1.67,7.18
FLD-0004,5.26,34.9,39.8,21.4,143.7,0.82,3.4
FLD-0540,7.9,19.5,45.5,25.6,253.3,0.6,2.96
FLD-0487,7.55,19.4,40.9,23.5,257.8,0.91,4.27
FLD-0317,7.01,29.7,72.1,48.1,205.2,1.2,5.44
FLD-0526,8.3,12.6,57.9,26.9,246.4,0.5,4.31
FLD-0448,7.85,18.1,47.6,31.3,233.8,0.52,3.38
FLD-0691,5.78,31.8,94.3,58.1,150.9,1.65,5.99
FLD-0284,6.49,24.1,77.0,43.3,199.8,1.26,5.38
FLD-0097,5.25,26.8,47.7,26.1,192.9,0.8,3.41
FLD-0286,6.76,25.0,78.3,44.8,244.9,1.14,5.43
FLD-0488,7.74,9.0,36.8,31.8,238.6,0.41,4.04
FLD-0226,6.3,24.1,87.2,34.7,211.2,1.43,5.72
FLD-0027,5.33,34.5,44.4,33.2,153.3,0.5,2.45
FLD-0591,6.43,35.5,105.8,62.6,161.0,1.67,7.86
FLD-0264,6.65,26.8,67.0,40.1,168.3,1.23,5.18
FLD-0438,7.66,19.8,54.6,45.8,248.1,0.56,4.0
FLD-0051,5.55,33.7,36.4,28.9,169.2,0.76,3.33
FLD-0365,6.16,25.6,65.6,47.4,197.2,0.84,6.01
FLD-0230,6.25,23.0,89.9,51.0,208.5,1.18,5.59
FLD-0038,5.07,30.2,38.9,25.4,140.0,0.8,3.76
FLD-0158,5.8,34.6,45.9,27.6,159.4,0.52,3.59
FLD-0238,6.69,31.6,70.2,47.4,237.4,1.43,5.42
FLD-0721,6.15,35.4,106.0,52.2,141.7,2.03,7.6
FLD-0375,6.43,29.3,73.5,43.9,232.7,1.26,5.5
FLD-0470,8.12,13.6,61.1,22.8,264.3,0.54,3.43
FLD-0371,6.42,30.9,82.8,52.3,176.1,1.07,6.48
FLD-0443,8.26,12.4,63.6,27.1,281.2,0.72,3.44
FLD-0723,6.16,37.9,100.8,60.7,181.3,1.79,6.52
FLD-0176,5.6,33.3,36.4,27.4,160.2,0.62,2.58
FLD-0638,6.21,39.2,102.6,69.5,168.9,1.96,7.4
FLD-0128,4.97,28.3,36.5,21.5,150.7,0.66,3.78
FLD-0555,7.39,16.9,49.1,39.4,250.8,0.83,3.58
FLD-0195,6.54,23.2,76.0,53.5,173.8,1.38,5.59
FLD-0640,6.4,35.8,107.1,64.5,170.7,1.92,7.31
FLD-0654,6.61,39.0,106.5,69.3,186.5,1.62,5.76
FLD-0502,7.88,17.7,44.7,34.1,219.9,0.5,4.59
FLD-0518,7.68,17.1,48.0,25.7,263.9,0.6,5.11
FLD-0528,8.13,18.3,52.3,19.4,221.2,0.84,3.57
FLD-0725,5.96,41.9,99.2,62.7,214.4,1.73,7.78
FLD-0626,5.53,33.2,101.9,60.2,156.2,2.13,7.27
FLD-0646,6.42,40.6,101.7,61.3,148.7,1.59,7.28
FLD-0068,5.18,32.1,37.7,22.3,153.3,0.83,3.01
FLD-0724,6.37,34.9,101.3,61.2,186.4,1.4,7.59
FLD-0484,7.84,22.0,47.6,30.6,252.7,0.61,3.72
FLD-0169,5.24,31.5,43.9,26.5,126.2,0.87,2.76
FLD-0445,7.39,13.4,54.9,38.3,274.1,0.75,4.16
FLD-0520,7.71,15.5,42.7,29.4,269.1,0.65,3.26
FLD-0163,5.4,35.1,41.5,24.2,148.4,0.72,4.15
FLD-0310,6.83,25.9,89.0,64.9,174.2,1.09,5.46
FLD-0194,6.81,19.9,81.8,59.5,213.4,1.15,5.52
FLD-0537,7.7,18.4,51.2,28.0,241.4,0.38,4.22
FLD-0366,6.54,17.3,85.7,56.6,231.8,1.28,5.83
FLD-0384,6.59,27.2,73.5,39.1,207.5,0.9,5.67
FLD-0677,6.78,30.8,99.9,63.0,165.9,1.94,7.55
FLD-0544,7.54,15.3,55.4,36.9,197.7,0.46,4.09
FLD-0153,5.27,30.8,32.4,26.7,176.0,0.71,3.09
FLD-0657,6.22,37.1,109.1,68.2,173.5,1.84,7.75
FLD-0536,7.65,10.7,60.2,26.6,268.4,0.56,3.65
FLD-0112,5.56,31.2,30.6,23.7,148.6,1.04,3.69
FLD-0227,6.8,21.8,78.0,38.3,162.8,1.39,5.26
FLD-0527,7.79,14.6,44.6,32.6,223.2,0.69,5.44
FLD-0699,6.21,43.1,101.6,70.1,190.1,1.52,6.49
FLD-0104,5.77,23.7,29.0,18.5,176.3,0.77,3.62
FLD-0422,7.87,18.3,62.4,24.0,258.6,0.56,2.62
FLD-0420,8.05,13.6,31.1,20.4,270.6,0.54,3.59
FLD-0120,5.34,28.6,33.8,22.0,175.7,1.05,3.02
FLD-0054,5.82,33.7,47.7,27.3,191.9,0.68,2.1
FLD-0152,5.57,31.4,44.6,23.1,176.2,0.64,3.82
FLD-0404,7.83,18.2,44.8,31.1,242.9,0.94,5.06
FLD-0706,5.96,38.8,89.6,67.2,162.8,1.85,6.81
FLD-0208,6.48,23.0,83.1,47.4,197.9,1.48,5.74
FLD-0633,5.87,40.3,104.4,54.7,176.6,1.51,7.07
FLD-0581,6.22,41.4,97.8,59.2,183.3,1.85,6.65
FLD-0009,5.37,35.8,34.1,29.8,119.7,0.66,3.29
FLD-0609,5.66,41.6,115.1,60.8,185.3,1.98,6.84
FLD-0037,5.93,27.8,39.0,28.7,157.8,0.65,3.13
FLD-0453,7.57,17.1,46.0,27.3,228.5,0.4,4.59
FLD-0254,6.67,19.9,92.6,54.7,210.3,0.98,5.92
FLD-0304,6.66,21.4,79.5,47.8,208.5,1.62,5.51
FLD-0569,6.24,37.2,109.0,67.7,185.9,1.73,6.9
FLD-0542,7.76,21.7,49.1,28.1,272.9,0.54,4.4
FLD-0550,8.27,16.3,34.3,30.4,294.3,0.77,3.55
FLD-0263,6.81,24.3,80.8,46.4,231.6,1.06,5.48
FLD-0298,6.39,25.3,82.1,41.1,207.9,1.4,6.23
FLD-0415,7.51,18.6,48.5,22.6,263.4,0.51,3.78
FLD-0151,5.1,30.3,41.9,38.7,125.2,0.98,3.28
FLD-0597,6.17,35.6,94.4,59.9,187.4,1.84,5.95
FLD-0667,6.31,35.8,123.2,68.3,203.5,1.92,8.12
FLD-0489,7.78,19.0,54.1,38.4,245.1,0.59,4.59
FLD-0148,5.74,34.8,42.6,21.0,158.7,0.62,3.2
FLD-0147,5.56,33.0,24.1,21.8,110.8,0.73,3.2
FLD-0551,7.92,13.6,42.2,28.9,246.6,0.27,3.37
FLD-0695,6.0,37.3,90.2,66.6,192.0,1.87,6.62
FLD-0577,6.31,39.9,97.2,64.0,219.6,1.78,6.72
FLD-0349,6.37,24.9,87.0,47.2,206.3,1.32,5.27
FLD-0464,7.51,16.8,55.1,33.9,251.1,0.46,3.26
FLD-0326,5.79,19.9,94.1,44.7,169.3,1.44,5.81
FLD-0187,6.82,26.4,77.0,33.1,187.1,1.44,4.27
FLD-0124,5.05,30.8,41.7,19.8,165.0,0.48,2.98
FLD-0639,6.15,37.0,122.4,58.1,185.4,1.64,8.08
FLD-0144,5.25,29.7,46.1,24.0,156.1,0.84,2.99
FLD-0716,5.7,32.7,106.4,58.1,185.4,1.92,6.4
FLD-0198,7.06,27.9,56.1,46.1,202.0,0.9,5.85
FLD-0280,6.47,24.7,70.8,53.4,183.4,1.17,5.48
FLD-0294,6.31,27.7,101.9,50.2,215.5,1.13,4.8
FLD-0401,7.68,19.1,60.0,25.1,229.6,0.63,4.95
FLD-0123,5.53,31.0,43.7,26.5,115.1,0.84,2.66
FLD-0184,6.04,17.6,85.4,48.4,209.5,0.98,5.79
FLD-0203,7.03,21.3,96.8,54.0,222.5,1.23,5.68
FLD-0439,7.82,17.4,69.6,25.9,260.5,0.65,3.14
FLD-0247,6.46,30.2,88.0,48.6,188.1,1.12,5.84
FLD-0416,7.76,19.7,53.2,23.8,254.8,0.52,5.04
FLD-0666,6.13,35.2,103.6,59.3,163.0,1.49,6.9
FLD-0130,5.89,29.0,57.5,22.6,127.0,0.73,2.61
FLD-0403,7.75,14.3,41.3,35.7,258.6,0.76,3.15
FLD-0649,5.89,39.0,94.1,67.1,199.0,1.83,6.08
FLD-0585,6.03,40.4,121.2,63.4,166.2,1.57,7.4
FLD-0680,5.75,43.7,98.1,64.0,195.4,1.6,6.8
FLD-0220,6.32,30.4,71.3,52.5,174.6,1.05,6.63
FLD-0715,6.16,35.1,100.9,61.2,167.5,1.86,7.23
FLD-0572,6.08,35.9,93.0,64.5,196.1,1.83,8.33
FLD-0685,6.7,39.9,89.2,44.3,193.2,1.76,7.73
FLD-0580,6.0,39.8,106.0,68.2,192.8,1.89,7.05
FLD-0387,6.88,27.8,80.7,46.9,212.2,0.7,5.97
FLD-0727,6.18,37.3,108.7,70.8,162.4,1.65,6.31
FLD-0510,7.7,20.4,66.4,35.3,223.6,0.7,4.47
FLD-0268,6.72,26.8,74.5,44.3,183.5,1.03,4.79
FLD-0618,7.0,35.7,103.8,54.0,182.1,1.61,6.86
FLD-0442,7.5,16.5,60.8,38.4,233.0,0.78,3.57
FLD-0497,8.06,17.8,42.5,34.7,206.5,0.57,4.63
FLD-0113,5.45,31.8,41.4,22.8,130.5,0.69,2.79
FLD-0233,6.7,27.6,60.2,57.5,211.8,1.41,5.13
FLD-0653,6.29,38.4,78.4,64.1,191.6,1.86,7.04
FLD-0374,6.88,22.1,75.9,36.9,192.8,1.22,6.31
FLD-0234,6.42,24.5,78.9,49.7,224.5,0.9,6.34
FLD-0594,6.56,39.2,96.3,58.9,169.9,1.85,7.84
FLD-0318,6.23,24.3,72.9,48.5,190.7,1.02,5.93
FLD-0411,7.23,13.8,44.4,19.6,247.1,0.21,3.27
FLD-0671,6.46,38.9,105.1,58.5,177.8,1.84,7.49
FLD-0359,7.08,25.1,86.2,46.2,194.2,1.53,5.92
FLD-0259,6.78,24.0,79.3,53.8,169.8,0.86,5.95
FLD-0283,6.27,26.5,63.9,49.3,233.4,1.31,5.89
FLD-0377,6.63,24.0,88.1,55.2,199.1,1.18,6.17
FLD-0385,7.01,17.9,68.8,41.8,203.9,1.15,6.57
FLD-0225,6.85,18.9,79.2,46.7,211.1,1.22,5.0
FLD-0712,6.31,41.6,97.3,66.5,183.5,1.47,8.15
FLD-0614,5.71,35.2,113.3,63.4,188.1,1.73,6.74
FLD-0473,8.5,17.7,56.9,35.2,226.8,0.53,3.72
FLD-0348,7.16,19.1,87.2,41.9,206.8,1.18,5.27
FLD-0506,7.38,19.0,50.3,36.2,230.3,0.64,4.19
FLD-0739,5.62,34.5,111.1,76.4,193.1,1.76,6.86
FLD-0693,6.14,40.8,110.2,66.8,166.7,1.78,6.92
FLD-0676,6.47,37.0,94.5,64.9,174.1,1.75,6.94
FLD-0641,6.21,37.9,106.4,64.4,181.1,1.66,8.03
FLD-0634,5.69,39.7,106.0,74.4,195.3,1.7,7.55
FLD-0557,7.09,12.6,58.0,21.4,220.4,0.93,3.65
FLD-0578,6.1,38.3,101.8,62.8,154.0,1.61,7.02
FLD-0086,5.33,29.3,47.5,25.4,118.1,0.81,2.88
FLD-0243,6.3,25.3,75.3,62.2,173.7,1.26,5.18
FLD-0160,5.38,31.3,41.6,30.8,143.5,0.78,2.66
FLD-0525,7.26,16.4,56.9,34.2,255.2,0.26,3.25
FLD-0036,5.09,27.5,55.7,41.4,128.9,0.65,3.39
FLD-0541,7.86,10.1,45.4,39.1,277.8,0.39,3.82
FLD-0171,5.88,34.2,38.9,28.5,184.8,1.07,2.52
FLD-0643,6.24,33.6,99.2,50.1,184.3,1.69,6.28
FLD-0635,5.76,34.9,105.7,50.1,179.3,1.6,7.16
FLD-0705,6.57,41.4,108.5,57.5,211.2,1.88,6.89
FLD-0096,4.97,25.8,44.9,20.9,103.8,0.86,3.35
FLD-0564,6.06,35.3,108.6,70.4,179.1,2.02,6.02
FLD-0241,6.23,20.7,74.7,55.4,193.5,1.34,5.5
FLD-0575,6.06,38.0,104.6,65.2,155.6,1.5,6.61
FLD-0461,8.15,16.3,39.7,19.9,249.6,0.5,3.5
FLD-0554,7.46,14.4,43.3,23.3,252.2,0.41,4.18
FLD-0659,5.85,42.2,93.9,60.4,181.8,2.14,6.87
FLD-0207,6.26,28.6,77.8,49.7,246.9,1.49,5.63
FLD-0393,8.04,19.7,61.4,28.2,242.0,0.74,4.22
FLD-0398,7.47,20.8,47.7,34.0,264.2,0.68,4.05
FLD-0636,5.85,39.4,103.2,71.4,180.1,1.64,6.96
FLD-0218,6.11,19.9,57.0,46.6,201.6,1.14,6.39
FLD-0005,5.57,32.4,58.1,21.6,140.8,0.57,3.54
FLD-0670,5.98,35.9,97.3,55.3,153.0,1.74,6.77
FLD-0613,6.04,43.4,97.3,58.9,177.7,1.85,6.86
FLD-0547,7.73,15.3,50.4,29.5,260.4,0.65,4.13
FLD-0099,5.67,35.8,37.3,21.5,155.7,0.68,3.72
FLD-0574,6.22,40.2,116.8,64.0,178.0,2.05,7.63
FLD-0407,7.91,18.3,47.7,24.7,234.8,0.5,4.43
FLD-0503,7.85,15.0,56.6,30.6,245.2,0.73,3.6
FLD-0048,5.3,35.8,46.1,19.8,131.8,0.73,2.53
FLD-0033,5.48,31.7,61.1,35.3,134.6,0.67,2.4
FLD-0201,6.98,23.0,77.4,45.1,194.5,1.35,5.94
FLD-0135,5.71,33.8,42.7,29.3,158.8,0.94,3.36
FLD-0028,5.91,36.5,39.6,21.7,176.3,0.52,2.71
FLD-0661,5.84,37.9,103.5,68.1,213.1,1.85,6.8
FLD-0231,6.73,23.2,78.7,48.5,192.8,1.32,7.4
FLD-0490,7.48,25.0,56.0,33.3,254.5,0.95,4.44
FLD-0379,7.11,22.4,81.3,62.4,186.0,0.88,6.51
FLD-0289,6.64,21.9,83.7,50.9,205.3,1.08,5.87
FLD-0419,7.97,16.9,42.2,29.1,231.6,0.77,4.65
FLD-0392,7.68,23.9,64.1,25.9,256.7,0.46,3.02
FLD-0593,6.55,32.1,103.8,75.0,177.9,1.47,6.88
FLD-0499,7.96,16.8,53.7,29.6,223.2,0.44,3.84
FLD-0139,5.38,28.6,48.4,24.2,144.9,0.7,3.32
FLD-0063,5.71,29.1,36.7,17.6,138.2,0.8,3.1
FLD-0472,7.73,14.6,54.2,34.3,282.1,0.78,4.54
FLD-0648,6.55,40.9,105.3,73.8,153.0,1.78,7.3
FLD-0129,5.26,28.2,44.8,14.8,157.0,0.74,3.12
FLD-0730,6.11,38.1,96.5,68.3,173.2,1.73,7.43
FLD-0521,7.31,21.3,52.3,27.1,240.1,0.34,4.78
FLD-0065,5.76,32.2,40.0,26.1,185.1,1.09,3.24
FLD-0015,5.56,28.1,38.0,31.8,143.6,0.85,2.69
FLD-0157,5.67,31.6,35.8,31.4,178.4,0.81,3.74
FLD-0041,5.58,25.4,48.4,26.7,130.0,0.64,3.35
FLD-0493,8.06,14.9,49.6,36.9,235.3,0.6,3.13
FLD-0380,6.42,23.9,74.3,49.6,187.9,1.19,6.05
FLD-0188,6.55,20.2,85.4,43.9,212.3,1.32,6.81
FLD-0217,6.9,17.6,65.5,49.3,192.1,1.46,5.63
FLD-0053,5.41,35.7,35.1,19.1,153.6,0.87,3.21
FLD-0338,7.09,29.0,71.0,45.9,213.6,1.68,6.61
FLD-0296,6.6,27.1,78.7,51.2,201.5,1.16,5.03
FLD-0252,7.28,20.7,79.6,40.9,191.0,1.11,5.22
FLD-0462,7.73,18.0,41.4,28.3,272.2,0.42,4.48
FLD-0456,7.37,12.9,47.2,28.9,220.5,0.35,3.55
FLD-0748,6.06,40.8,90.3,59.8,216.8,1.67,6.97
FLD-0270,6.68,17.6,81.1,41.6,208.6,0.94,6.1
FLD-0202,6.83,24.0,83.1,45.5,245.1,0.94,6.49
FLD-0162,5.42,30.2,24.2,18.6,145.3,0.6,3.96
FLD-0556,7.77,12.9,49.7,29.4,231.9,0.39,3.22
FLD-0402,7.21,16.9,42.0,27.2,238.4,0.53,3.71
FLD-0477,7.22,14.7,53.4,29.3,240.6,0.7,3.41
FLD-0106,5.49,33.5,47.5,14.3,109.5,0.9,3.85
FLD-0566,5.59,35.6,110.9,59.2,165.1,2.02,7.84
FLD-0390,6.7,22.1,76.0,42.6,201.9,1.55,5.1
FLD-0002,5.36,30.9,34.2,29.3,164.0,0.73,3.82
FLD-0713,5.75,39.3,106.1,64.7,171.1,1.93,6.24
FLD-0562,5.75,33.4,97.0,56.7,193.6,1.84,7.7
FLD-0081,5.43,32.1,41.4,19.4,166.2,0.85,3.11
FLD-0206,6.63,22.6,55.4,40.5,225.2,1.1,6.0
FLD-0035,5.15,29.3,34.0,23.4,118.4,0.46,4.37
FLD-0509,7.69,17.3,57.6,26.0,257.9,0.63,3.31
FLD-0428,8.14,18.1,66.0,30.6,288.0,0.52,3.58
FLD-0455,7.93,17.2,45.1,22.0,232.2,0.71,4.38
FLD-0367,7.02,29.4,88.1,42.4,208.6,1.3,4.8
FLD-0092,5.14,32.9,45.2,15.0,162.6,1.09,3.29
FLD-0340,7.1,22.9,59.5,51.0,192.4,1.23,5.75
FLD-0565,6.13,37.9,97.2,77.3,178.8,1.71,7.11
FLD-0346,7.03,21.6,73.9,51.7,163.1,0.88,5.65
FLD-0242,6.72,23.5,86.0,44.8,176.7,0.97,5.51
FLD-0014,5.42,29.6,40.4,13.9,124.0,0.48,2.65
FLD-0316,6.57,22.5,82.5,51.7,197.2,1.36,6.34
FLD-0601,5.92,31.6,107.3,75.7,205.0,1.73,7.1
FLD-0388,6.62,23.8,84.7,47.6,184.5,1.19,5.84
FLD-0274,6.79,25.8,55.7,55.1,150.1,1.11,6.36
FLD-0167,5.38,26.2,33.1,18.8,194.2,1.04,2.97
FLD-0744,6.02,35.0,93.5,53.1,175.8,1.52,6.55
FLD-0647,6.11,38.2,111.3,55.9,175.7,1.81,6.71
FLD-0485,7.32,14.4,44.4,20.6,230.7,0.42,4.32
FLD-0733,6.01,42.7,106.8,71.2,184.7,1.79,6.58
FLD-0505,7.32,15.6,65.5,29.9,268.5,0.67,4.26
FLD-0244,6.51,24.5,60.4,49.4,239.3,1.14,5.94
FLD-0567,6.29,36.5,101.1,58.2,162.1,1.59,6.76
FLD-0563,6.26,38.7,112.6,65.8,181.2,2.05,7.16
FLD-0687,6.15,41.1,99.3,55.0,215.6,1.67,6.79
FLD-0190,6.21,24.7,86.7,49.8,176.4,1.2,6.21
FLD-0700,5.92,35.3,102.3,66.7,202.6,1.84,6.85
FLD-0476,7.83,17.9,53.5,27.0,240.3,0.61,3.98
FLD-0682,6.45,33.2,115.8,64.2,132.3,1.72,7.46
FLD-0511,7.95,18.5,55.9,30.6,234.0,0.27,4.19
FLD-0059,5.42,33.7,25.1,16.2,123.3,0.3,2.83
FLD-0475,8.07,18.5,40.1,29.1,248.0,0.75,4.5
FLD-0561,6.24,37.0,94.2,67.0,180.2,1.94,7.53
FLD-0253,6.36,23.5,69.3,53.1,188.5,1.73,5.55
FLD-0022,5.41,34.4,42.3,23.0,131.4,0.42,2.93
FLD-0314,6.39,20.8,79.3,49.0,171.6,1.19,5.81
FLD-0460,7.46,19.3,56.7,23.1,266.7,1.01,4.55
FLD-0161,5.58,31.0,35.0,22.6,146.7,0.67,4.17
FLD-0277,6.41,28.1,68.2,57.6,204.4,1.01,5.43
FLD-0192,6.83,32.7,77.3,43.2,212.7,1.3,5.51
FLD-0386,6.92,25.6,80.2,50.4,189.5,1.37,5.19
FLD-0414,7.87,15.7,47.7,27.0,223.2,0.79,4.04
FLD-0492,7.78,15.1,68.4,42.9,245.8,0.62,3.79
FLD-0344,6.92,24.9,73.4,42.8,175.3,1.27,5.6
FLD-0309,6.74,21.4,84.4,43.5,195.6,1.05,6.52
FLD-0662,6.37,35.8,94.7,52.4,151.8,1.62,6.45
FLD-0131,5.24,32.3,45.4,20.3,167.8,0.93,3.99
FLD-0664,5.98,40.8,102.8,62.7,165.0,1.77,6.68
FLD-0100,4.82,28.4,34.7,10.1,132.7,0.56,3.09
FLD-0373,6.98,21.1,71.1,46.8,219.9,0.98,4.88
FLD-0088,5.6,27.7,42.9,15.5,158.0,0.57,2.49
FLD-0459,7.88,17.0,61.2,27.7,245.7,0.6,4.39
FLD-0331,6.88,24.9,90.0,48.3,213.9,1.29,5.64
FLD-0215,6.85,20.2,74.5,44.3,228.9,1.28,5.68
FLD-0467,7.84,21.2,49.1,33.4,195.5,0.6,3.83
FLD-0122,5.69,28.7,48.8,21.8,141.2,0.88,3.22
FLD-0615,6.62,37.4,99.5,69.6,167.0,1.67,7.11
FLD-0021,5.57,27.8,23.9,25.6,135.4,0.65,2.86
FLD-0701,5.57,38.2,103.2,64.1,217.9,2.0,7.53
FLD-0072,5.36,24.6,29.0,32.2,166.1,0.59,2.37
FLD-0107,5.16,25.0,41.8,29.6,182.4,0.81,3.0
FLD-0271,6.94,21.5,69.9,35.1,200.2,1.12,4.95
FLD-0436,7.65,17.6,57.2,36.3,270.6,0.79,3.49
FLD-0103,5.39,27.1,28.5,28.1,143.7,0.54,3.15
